Experimento,No.,Clase,max_b1,max_b2,max_b3,max_b4,max_b5,max_b6,max_b7,max_b8,min_b1,min_b2,min_b3,min_b4,min_b5,min_b6,min_b7,min_b8,coe_cor_min,coe_cor_prom,coe_cor_max,con_min_ene,con_max_ene_pro,con_max_ene,cen_con_min,cen_con_prom,cen_con_max,des_est_sum_pro,rol_inv_min,rol_inv_prom,rol_inv_max,sum_ene_pro,ent_min,ent_prom,ent_max,spre_min,spre_prom,spre_max,kur_min,kur_prom,kur_max,asim_min,asim_prom,asim_max,deca_min,deca_prom,deca_max,max_b1,max_b2,max_b3,max_b4,max_b5,max_b6,min_b1,min_b2,min_b3,min_b4,min_b5,min_b6,rms_min,rms_prom,rms_max,rol_min,rol_prom,rol_max,cen_min,cen_prom,cen_max,corre_min,corre_prom,corre_max,ent_min,ent_prom,ent_max,no_sismo,tremor,impacto
L_F_04_A_01,1,0,2.249723814,5.470311881,6.169593848,12.83299999,5.485639146,2.641444091,3.350708692,2.825987582,1.247422308,2.079716423,5.154637668,8.681938015,3.330496334,1.812442412,2.206127851,1.778232975,0,0.218088535,0.982011679,47,53.33333333,60,1853.282807,1896.369583,1944.80916,3.144467472,102,105,107,33.17554617,0.780594719,0.799789032,0.84972793,853.1828499,887.8536338,937.2705604,2.678195549,3.005573471,3.29612534,0.519077132,0.601020748,0.66885075,0.021490059,0.022948896,0.02443054,10.90204623,9.375549188,10.64789913,9.17172688,8.393672775,4.943427548,7.362277783,5.91560408,6.781087724,5.812023382,5.035775198,2.773675995,3.049718225,3.530182455,4.18283322,109,112.2857143,114,40.46053134,41.68534185,43.87780542,0.741523986,0.788302859,0.842911372,0.885640663,0.893963493,0.913034688,7,0,0
L_F_04_C_01,2,0,4.870923106,5.319116003,10.02984544,10.33580137,5.027720326,2.794306131,3.038197766,2.529713859,3.275357318,3.197289642,8.689668563,6.967332658,3.417184583,2.228887314,2.111839987,1.577125616,0,0.217506561,0.978844378,44,51.66666667,60,1673.748764,1725.447602,1756.807653,3.110157342,98,101,103,38.53945392,0.837231784,0.848625929,0.871691414,933.0914645,952.4095102,991.929873,2.683356357,2.830640063,2.960077272,0.529276934,0.609828211,0.71179284,0.029298459,0.031867546,0.034233277,9.513759087,11.15973589,11.25734777,11.96176855,11.17083731,6.503440043,3.823779454,5.288259893,5.785348612,4.944120271,5.470358085,2.940006354,5.077139327,6.392018072,9.939858211,110,114.2857143,119,43.21375617,44.69372199,46.86459008,0.699105588,0.776702351,0.826845925,0.874463134,0.897106244,0.915503025,6,1,0
L_F_04_D_01,3,0,3.385605281,5.903252914,10.01013949,12.48762901,5.849203583,3.902063484,3.954006443,4.971209976,1.664416432,1.957936796,5.980448116,9.411609843,4.340382578,2.079134591,2.207531769,3.040357437,0,0.217681602,0.969567478,43,50.5,55,1908.111451,1975.804212,2035.303319,2.752886409,110,112.3333333,114,39.31456149,0.828495814,0.860352987,0.886334529,934.2797887,991.6116229,1028.450367,2.408533901,2.580363846,2.816725643,0.350975737,0.505985068,0.576347634,0.023600043,0.027317358,0.03086065,9.701787279,11.32311568,12.48534346,10.5117145,10.15348494,5.571500825,6.358209375,6.337990869,5.332555236,4.862050925,5.549086467,2.686056766,2.419807585,3.382210738,4.190297573,108,113,116,38.62564118,42.15536704,43.93762346,0.759068918,0.789575012,0.833933588,0.874465288,0.893218383,0.926038937,7,0,0
L_F_04_D_02,4,0,10.34062606,9.978504971,11.72349019,13.02714563,10.07394217,11.73279284,10.91526416,12.05028957,5.618707322,3.35615744,4.069815877,4.797144228,3.35101146,3.803436063,3.627041546,3.346396632,0,0.215484949,0.980762151,4,26.66666667,83,1865.425855,1963.526879,2082.298007,1.996984194,111,113.3333333,116,56.24242877,0.917298042,0.951709793,0.988047123,1131.061575,1182.128331,1248.334716,1.732937608,1.853601068,2.015231141,0.046033724,0.141548701,0.262701246,-0.028710868,-0.01019353,0.012256724,9.883157668,9.780729067,11.3738258,9.105198414,9.594938091,5.442623169,6.823100052,6.016237197,6.022105878,4.530016477,5.381492128,2.345264661,2.965952629,3.543134097,4.074022122,108,111.8571429,115,40.08630831,41.80569543,43.81004252,0.75547503,0.808158128,0.857145969,0.860099557,0.889751967,0.905220317,7,0,0
L_F_04_D_03,5,0,6.920375953,10.01490539,11.80298584,6.936935027,2.287783249,1.011515771,0.919191534,1.096596938,5.491582997,6.887605846,9.009486635,4.527129038,1.773507459,0.64815642,0.566058671,0.72390004,0,0.221251096,0.980004496,12,35.66666667,46,1232.110933,1252.07753,1278.156133,5.751273229,69,70.66666667,73,35.01370425,0.795216223,0.813561547,0.824635549,798.9949829,819.3892634,837.2573007,4.433438245,4.592125322,4.839701455,1.212108322,1.248015008,1.308085157,0.040718604,0.043190563,0.044211104,9.692786509,10.50229833,9.488842277,10.70829624,8.115913793,5.162917536,7.068415281,6.789837743,6.414741956,7.027407315,6.29731348,3.435010162,3.126874438,3.774785308,4.07306319,110,112.7142857,115,40.962365,42.34701821,43.83210811,0.75917261,0.793820987,0.875664566,0.878270419,0.892058646,0.905345944,7,0,0
L_F_04_E_03,6,0,5.966337449,11.14874014,13.23711288,7.239248213,2.287970212,1.350448505,1.148072589,1.403522876,3.528349075,7.156588612,9.998178184,5.47738465,1.514341277,0.835825039,0.807651452,0.8281038,0,0.221426581,0.9827914,21,39.5,44,1299.751351,1334.056108,1376.705116,7.214497586,71,74.33333333,76,34.90960544,0.793902759,0.813577784,0.830193912,782.8099738,811.4732321,831.5971809,4.606673845,4.755372045,5.063376701,1.207301262,1.295162107,1.346722354,0.037195396,0.038466087,0.040540882,8.815445576,10.66928818,10.22688362,8.843533511,8.980228721,5.117299897,6.052618748,6.166016025,4.677029631,5.34300218,4.259713722,2.367983098,2.847696437,3.569441269,3.81198767,108,111.4285714,115,39.9201351,41.39228904,43.62873785,0.759875515,0.798752561,0.836325626,0.859445882,0.890323598,0.904947199,7,0,0
L_F_04_G_01,7,0,3.011966427,8.537207259,10.00540276,9.771756321,2.012654216,0.810080029,0.749735801,0.910236259,1.909987809,4.940669916,7.922444271,7.994981642,1.46024252,0.690269143,0.697598139,0.695110797,0,0.220944461,0.983943939,19,43.33333333,51,1366.669459,1402.9433,1491.011941,6.84282106,67,68.83333333,72,31.70028189,0.779025047,0.788252786,0.795104478,741.4583979,757.7129386,796.6239106,4.597705588,4.79270153,5.056889987,1.043490684,1.131792029,1.257179908,0.030262672,0.033883779,0.035747456,8.480145616,11.02596431,10.11074664,9.813624959,6.833644209,5.989196773,4.494095537,5.993702641,3.936461298,5.338601899,4.156274843,1.954996957,2.689679349,3.392931093,3.703355742,110,114.1428571,118,40.4706685,41.90788893,43.00979841,0.763534922,0.807155985,0.848729657,0.858980789,0.890970466,0.909008431,7,0,0
L_F_04_G_02,8,0,7.022666179,8.068447072,11.89664381,7.289042526,2.932651407,1.258571149,1.187751323,1.875298066,5.171031702,6.485131902,10.62507221,6.328120965,2.33027213,1.030130455,0.9128033,1.531770752,0,0.222074478,0.982362883,39,41.83333333,44,1348.153869,1377.127044,1397.228546,3.78357327,78,79.66666667,82,38.21333308,0.830085091,0.840548742,0.848601828,873.3311432,893.3033674,912.3951687,3.96536282,4.14946146,4.377826278,1.127177155,1.166141077,1.246421372,0.040865205,0.042785627,0.04487044,10.97570398,12.80763052,10.03780174,10.16950754,8.168506296,5.816471523,6.170758171,5.503238219,4.636994988,5.806862357,5.905042421,2.744628164,2.983679566,3.734083725,4.053355092,109,112.1428571,114,40.2425703,41.90377071,44.10308449,0.713146369,0.793789439,0.840477743,0.867710293,0.892459427,0.910248942,7,0,0
L_F_04_G_03,9,0,6.681910703,9.753829096,12.23785916,7.862967649,2.156714206,1.151987335,1.276254689,1.027419176,5.29641743,7.639602573,9.681720831,4.443211966,1.643674096,0.894221546,0.880337352,0.793583214,0,0.219578,0.978748848,20,32.66666667,51,1251.743766,1265.788043,1289.421767,7.170938117,70,73.16666667,75,36.23504754,0.808297916,0.818596718,0.827904283,795.9693723,823.5025486,845.8986356,4.406376189,4.554876128,4.626105973,1.185612504,1.260795324,1.327803241,0.041455032,0.043600286,0.045656872,10.23503819,10.83161137,9.685975707,10.19279555,9.041686763,5.459576669,5.950487622,4.458697688,4.268374642,3.735662506,4.730681135,2.109139496,2.696931126,3.608824408,4.547492441,109,113.2857143,116,39.18721716,41.6633633,42.94148692,0.728108108,0.794564864,0.862471312,0.83930745,0.887745182,0.925031057,7,0,0
L_F_04_H_01,10,0,4.562369822,8.197090753,11.56258637,9.240093425,2.120586943,0.864306207,0.915794172,0.86359354,3.335461541,6.213587828,9.362160833,7.169497452,1.452822756,0.663388804,0.720939546,0.685082921,0,0.221713619,0.980456915,42,45.16666667,51,1343.574891,1355.383256,1377.748615,5.505453725,66,67.33333333,70,33.95245075,0.8003836,0.81177299,0.822118572,751.5084452,763.1960435,781.770279,4.720590349,4.837599846,4.983718485,1.129272854,1.165011256,1.186250005,0.035938354,0.036402212,0.03735793,9.647231224,11.22930145,10.08014551,10.97104079,9.65284238,5.967979696,6.360725889,5.979466163,5.276356161,6.953601684,5.484285144,2.996327657,2.598076211,3.216536142,3.534981436,111,113.4285714,117,41.95612723,43.04712467,45.31164258,0.766855001,0.811665159,0.855686841,0.883853349,0.902004668,0.920372276,7,0,0
L_F_04_H_02,11,0,7.378213942,10.90505714,11.15824198,7.674904221,2.948654383,1.623084177,1.41441829,1.447652257,6.913895462,9.644810909,8.919631412,5.559936002,2.673189602,1.451259224,1.123491812,1.15944163,0,0.220206799,0.97897028,13,21.33333333,42,1286.101902,1307.310655,1344.185196,4.685083549,77,79.5,82,41.07664848,0.832301877,0.840934306,0.847724637,853.1233271,877.2628101,895.7649217,3.77459002,3.9525461,4.216943902,1.0968769,1.154452455,1.211204312,0.042044266,0.043773912,0.045665906,9.552801211,10.3134515,10.92812787,8.506714907,8.10581559,5.196300577,5.838390616,4.326944592,7.188254021,6.549957156,5.351245665,2.028512902,3.416412592,3.702995995,4.313858482,110,112.5714286,115,40.8619923,42.13090524,44.23456008,0.760541016,0.806634781,0.851288429,0.87452059,0.894808788,0.916389459,7,0,0
L_F_04_H_03,12,0,8.191734473,10.89424003,11.57291153,7.581706878,3.185189829,1.574085699,1.264964384,1.392085495,5.462185807,9.086414126,9.206376343,5.959094941,1.9210602,1.027894059,0.893026251,0.996464911,0,0.220190298,0.976987319,26,35.83333333,46,1284.728124,1295.388276,1321.180681,5.170401876,72,75.33333333,77,40.11680205,0.81878402,0.833174752,0.847009731,810.8021877,848.9424405,864.3825078,4.00898875,4.362147648,4.716974806,1.152223344,1.234568792,1.282232191,0.041593628,0.043394951,0.046020209,8.279993031,11.24359528,10.33678243,11.84532748,7.061469499,5.435934732,5.398595191,5.412238048,4.562541206,4.912067526,3.340187357,2.7243319,3.383092151,4.045909948,4.268800329,112,114.2857143,117,40.6915399,42.56727135,43.85032465,0.737067622,0.789214593,0.830840049,0.867910861,0.889605699,0.905245813,7,0,0
L_F_04_I_01,13,0,7.452137381,9.657678289,11.1009871,4.846226545,1.587519864,0.796254197,0.701964771,1.060541895,5.762786037,7.9481016,8.366028783,3.815876543,1.296349243,0.588797702,0.550089731,0.764100335,0,0.221194061,0.984309971,13,27.83333333,44,1154.943292,1174.858507,1189.768717,8.588439797,65,66.33333333,67,32.90676986,0.799407871,0.808303161,0.818766999,790.0932123,800.4341647,816.2998585,5.243561567,5.367385224,5.516749725,1.450368229,1.478619721,1.504607281,0.045369957,0.047169403,0.04891893,9.740488306,13.07810885,12.24404129,12.83957017,10.17889151,6.163183793,4.60728176,4.986629966,3.606802348,4.937092335,3.54200994,2.220360032,3.692792812,3.869266274,4.424276071,109,112.7142857,116,39.79959375,41.67401029,43.86004672,0.76134327,0.803865508,0.845254929,0.858696817,0.893717977,0.921122757,7,0,0
L_F_04_I_02,14,0,7.854414315,9.185330964,12.44885087,10.21906278,6.144023377,2.083043158,2.552362776,1.939588252,5.508786734,8.125900395,9.015810053,6.610307428,3.217645238,1.28293602,1.205062839,1.363955087,0,0.216855327,0.972241771,14,34.5,44,1363.824776,1419.819059,1480.258011,2.493027037,79,85,93,42.92935072,0.83798421,0.860381969,0.878617252,851.1504478,909.0814325,935.2042223,3.050234435,3.571294382,4.130197903,0.746134491,0.984996305,1.124963471,0.039407402,0.042073914,0.046838212,9.353628964,10.37294995,8.498053097,9.517002667,7.746832225,5.529989935,6.220558039,4.33270391,6.030227276,4.500074537,5.46648744,2.994971693,2.95010593,3.370868822,3.854785986,110,112.7142857,115,39.86420567,41.65400382,43.83863079,0.682833622,0.78834248,0.843272911,0.845846776,0.889292423,0.90787394,7,0,0
L_F_04_I_03,15,0,7.706839532,12.02334359,9.751582005,7.06172303,2.261324858,0.913500479,0.973565004,0.933118678,4.710731693,7.962516589,5.823294723,3.164083839,1.146557324,0.45769147,0.498242819,0.515613263,0,0.217817258,0.979493234,17,24.83333333,35,1126.685846,1180.027346,1226.618362,6.341221004,63,65.83333333,69,34.11318904,0.783525948,0.816832591,0.836686931,763.8762731,791.9810639,818.5532935,4.569035432,5.054371333,5.353303635,1.228638575,1.385441379,1.511779853,0.044925698,0.046300171,0.048509611,9.092128692,10.32208156,10.9529178,8.66489016,8.549315866,5.522678681,5.3976011,6.445757618,5.929978806,5.177130163,5.877092015,2.046988834,3.112474899,4.065335525,4.824659962,108,112,117,39.85647337,42.50576469,44.3469869,0.756390843,0.805012489,0.860951844,0.87089372,0.90021655,0.92290511,7,0,0
L_F_04_I_04,16,0,7.296068228,12.03652284,11.05094614,7.22243621,2.624042028,1.062796693,0.937324957,0.952711749,5.077914964,10.03871737,8.746313251,4.703412029,1.318513835,0.538477434,0.623158924,0.6214583,0,0.218940044,0.975871745,17,26.5,36,1137.846386,1195.107342,1248.457962,6.191093525,63,66,71,36.75326697,0.809151762,0.819091243,0.83550923,754.5356977,773.6819593,812.3224098,4.463431294,5.238976339,5.726895289,1.209679694,1.417832498,1.547070876,0.041349509,0.043914249,0.046116192,8.912017796,10.75828795,11.38691117,10.97761088,10.35453188,5.585520852,6.205077639,5.051169069,5.507358535,5.704949961,6.035948771,2.91109084,3.277527651,3.899148674,4.364272563,108,111.7142857,116,39.96924876,42.51929087,45.05214893,0.73818882,0.798219681,0.858632598,0.867431923,0.897317174,0.911241049,7,0,0
L_F_04_I_05,17,0,9.584445097,10.42953438,8.249421838,6.615929424,2.540766942,1.33425682,0.883990767,0.958013854,6.199475559,6.417893476,6.184624651,3.778469038,1.41662378,0.671689313,0.601950382,0.640685952,0,0.219037165,0.98128546,7,16.16666667,29,1119.842255,1176.304543,1224.98937,5.085084157,67,70.83333333,74,32.69610749,0.80373799,0.820411597,0.832043454,825.5280055,840.3836375,862.335654,4.095811633,4.396473532,4.754193948,1.159949139,1.264527491,1.368952967,0.047810618,0.052220615,0.056757836,10.04437515,10.79385807,9.796500148,8.013639188,8.036090246,5.038875296,6.00033181,5.055864685,5.627191515,4.608960638,5.335308884,2.993087196,2.715695123,3.640394677,4.370086527,110,113.1428571,116,40.50956593,41.89402113,42.90282579,0.773995949,0.8076857,0.848313767,0.879136177,0.894427703,0.908310815,7,0,0
L_F_04_I_06,18,0,6.822091554,11.86037225,9.172271525,4.588466323,1.577852283,0.759579674,0.681631331,0.732514038,2.717116491,8.008340102,5.063135589,3.003315434,0.984618546,0.35623131,0.343587679,0.326109219,0,0.215660183,0.973472314,19,25.16666667,29,1102.279834,1145.859322,1173.361826,8.092464637,62,63.66666667,66,29.05150646,0.756484791,0.785907717,0.810565108,698.3942047,745.3881887,779.5993841,5.272477731,5.703223882,6.076432313,1.490355044,1.549128408,1.636771849,0.040569494,0.043971413,0.046730581,10.34553682,11.00209642,12.92221577,10.41956035,9.11917009,5.337843287,6.365542179,5.747376319,4.625041065,5.672515107,4.917862172,2.327938835,2.822205476,4.012039844,4.740121306,109,112.4285714,119,41.54937074,42.88975126,45.31438447,0.736998199,0.78552547,0.832653461,0.875533593,0.895600645,0.909053906,7,0,0
L_F_04_I_08,19,0,6.733132565,10.89057959,11.97960496,7.153567446,2.396004631,1.348733765,1.579196817,2.120311153,5.213683192,8.831818015,7.894827091,5.739305792,1.617727202,0.792647665,0.954330089,1.250027044,0,0.220330739,0.975571389,7,20,36,1287.192036,1330.236175,1399.105043,6.925012716,76,80.16666667,89,37.60159652,0.820231429,0.831732094,0.840602692,867.1284348,885.609121,914.0548796,4.024705261,4.290971973,4.526697414,1.226511219,1.277534494,1.32525081,0.03714057,0.041107462,0.044411586,6.568403762,9.460080387,11.3197148,8.266566856,9.371298923,5.29602642,4.174729764,6.917752381,5.868097973,3.790216934,5.248455167,2.631783476,6.627947458,8.195959755,9.977709532,110,113.7142857,118,41.88389191,43.55936486,46.32714061,0.740266293,0.805065799,0.877256452,0.870277172,0.883940767,0.902786009,7,0,0
L_F_04_I_09,20,0,8.940280608,10.53786926,6.254978105,3.382085736,1.202510749,0.761016297,0.788760854,0.680336079,6.180856561,6.974196873,3.518080123,1.533626327,0.670423447,0.453016434,0.375423801,0.312161063,0,0.217150083,0.978085774,11,14.66666667,19,929.6514754,1008.904859,1128.388379,16.90206672,58,63,69,25.82135476,0.707279148,0.744114356,0.780091747,748.7367099,776.7957419,821.2587927,5.240236865,6.07058107,6.606215494,1.59245059,1.782057719,1.901192645,0.036278741,0.044024835,0.052626841,8.968030415,11.71492252,9.90292487,10.07663343,8.871776227,5.889213663,5.928742435,4.572328998,5.431740448,4.544083071,5.898992229,2.686709441,2.826354764,3.81169801,5.685439187,108,113.2857143,116,41.2684293,42.86158217,44.25380482,0.754831389,0.788210303,0.849024487,0.854529469,0.886718827,0.918062853,7,0,0
L_F_04_I_10,21,0,3.90165085,7.857872814,11.20857105,6.402879075,1.983166817,1.133878925,1.216608632,1.625593817,3.023728634,5.430533279,8.875459407,4.402474092,1.278200454,0.69133993,0.799312959,0.981010981,0,0.219640618,0.973651809,36,39.83333333,43,1325.723793,1374.07439,1429.043874,8.050383348,74,79.33333333,86,30.21714809,0.798049939,0.807307699,0.821163412,812.7285962,852.8646107,888.4856098,4.189840119,4.541275129,4.932495075,1.227327881,1.300252786,1.376735485,0.034372296,0.03654908,0.037378017,11.63588495,10.31447985,11.54615428,10.54284892,9.871850315,5.025161392,5.64144467,4.898217703,4.082231281,4.216605793,4.601876893,2.635552918,2.643535748,3.480250923,3.712836685,109,113.2857143,117,41.02880172,42.49230776,44.44062518,0.732888444,0.796011278,0.838948832,0.854225201,0.891677377,0.915539835,7,0,0
L_V_01_A_01,22,0,9.076453762,3.989217991,6.297899479,6.559162265,3.100254087,3.30613358,3.726229572,4.690917871,2.766223658,1.283010575,3.844315582,2.983385266,0.904832454,0.946382847,1.175938634,1.40292369,0,0.207550201,0.974282098,6,26.66666667,46,1642.078087,1695.36753,1777.612822,3.629227451,109,111.5,114,31.05879574,0.691914646,0.83269054,0.893685819,1066.95231,1188.433665,1255.647065,1.875913747,2.056575261,2.618822099,0.334099675,0.465502775,0.642979664,0.007096653,0.015878648,0.02836577,9.383277283,9.224265305,9.190831893,7.573116205,7.168496353,5.445108903,6.910015157,5.59007845,5.39190957,5.123531111,5.1406549,1.915068584,3.352937145,3.752154743,4.473882542,107,111.1428571,117,39.24361637,40.81655204,41.81205708,0.725649409,0.786613905,0.836080262,0.869906654,0.885275675,0.904693136,7,0,0
L_V_01_B_01,23,0,7.061189828,7.599502407,11.95542881,9.473957793,3.099105343,2.154116207,3.047223531,3.372095165,3.614337424,3.921906918,8.810993612,4.929071142,1.790183643,1.314971592,2.004202067,1.75041879,0,0.216607792,0.976078551,6,35.66666667,45,1429.116988,1559.90663,1662.882565,4.519099258,97,102.5,110,36.79512787,0.797445235,0.840214751,0.869270285,968.8349421,1016.360295,1099.064549,2.475692823,2.95044497,3.404360633,0.708253393,0.842825663,1.021941544,0.019275502,0.026721935,0.03195519,10.46491145,11.2627025,10.26585068,9.282824333,8.861268177,5.295719859,6.839579148,6.3346284,8.561013453,6.32719937,6.382808156,3.025646783,3.177680955,3.296888516,3.589263504,112,112.8571429,114,41.23094267,41.88186038,42.66268706,0.718892907,0.80203117,0.859163216,0.875798483,0.897889118,0.915212357,7,0,0
L_V_01_C_01,24,0,7.814325215,6.292613464,12.01623379,10.74459644,4.149260085,2.897039458,3.444506871,4.080601413,3.533656935,4.948930333,10.15046943,8.447519287,3.190534551,2.15362055,2.582890659,3.116907578,0,0.217645636,0.978729737,8,32.66666667,39,1602.95079,1687.122024,1753.285092,3.971059754,103,106.1666667,108,44.34627614,0.859193688,0.873497396,0.883971165,995.0392487,1026.194864,1063.196143,2.524075234,2.687403345,2.919007424,0.618706212,0.694683251,0.789659145,0.027972822,0.033232201,0.037078993,10.3861539,11.71345137,10.29312045,8.149895909,9.97469358,6.085558305,6.692554584,4.991425029,7.722043401,5.609807918,5.636676528,2.996724118,3.348857081,3.765006247,4.517760092,109,112.8571429,117,39.72821448,42.41515532,45.36602108,0.745486274,0.795696935,0.833042483,0.883263763,0.897581711,0.915615741,7,0,0
L_V_01_D_01,25,0,6.885479171,8.553336963,10.62516408,8.303447643,3.136146264,2.868414153,2.785320373,2.605586772,3.289499193,5.682568055,9.590190331,6.128503595,2.395949866,1.856660133,1.783168644,1.777878491,0,0.217833095,0.970331702,41,42.33333333,44,1471.612682,1548.470135,1594.832806,4.808001666,95,99.33333333,103,38.39366885,0.845215936,0.854650232,0.868207438,944.9084142,974.6694077,1006.277073,2.820683818,3.039818564,3.337826945,0.826513476,0.895385704,0.990152986,0.031211929,0.034087178,0.038325685,9.364261178,9.939379161,11.78527484,10.01665778,9.655427282,7.485061287,5.873012888,4.690437672,5.794604283,5.452299528,5.210268534,4.370580151,3.512811374,6.144935685,11.33440559,112,115.7142857,120,42.22435662,43.88723018,45.3715397,0.716476017,0.778422774,0.83213983,0.869770505,0.892614839,0.913719523,7,0,0
L_V_01_E_01,26,0,7.609510609,9.608912744,11.52982679,9.078169317,2.903573472,1.67388277,1.702363637,1.812752499,3.412785991,4.004341865,7.090831438,4.575647854,1.433510717,0.882650645,0.744514118,0.948436279,0,0.217805909,0.977184467,7,35.33333333,42,1329.712857,1382.410239,1427.094643,5.966408609,77,82.66666667,87,37.94256238,0.800760165,0.835352288,0.852136747,853.7872029,891.7404995,924.4287452,3.633323349,3.831129282,4.241421786,0.968817033,1.074509347,1.157140498,0.038264942,0.041132511,0.044155002,10.19419151,9.541446483,10.51868147,9.256193632,10.03225032,5.478669777,5.433451782,4.642204114,6.079087417,4.647207332,4.388503548,3.205823185,3.541605392,4.228302343,4.605957419,108,112.5714286,116,39.28839412,42.3312494,45.22488209,0.754828802,0.802479363,0.854739091,0.878175463,0.897692366,0.906216115,7,0,0
L_V_01_G_01,27,0,8.238992558,10.50821728,11.3556914,9.653706195,3.560880223,2.025489724,1.763163658,1.787350766,5.486301497,7.119570937,6.892311093,4.835658851,1.709133278,1.048488413,1.078775551,1.035208478,0,0.21816627,0.977602942,7,25.33333333,45,1256.156811,1349.7018,1436.303725,4.897153357,79,81.66666667,85,40.26750612,0.82147386,0.844713357,0.860217294,875.4760072,888.5854843,914.1023305,3.567522165,3.814095349,4.150705628,1.000803854,1.110108951,1.245664777,0.037245151,0.04229761,0.049708948,8.878976219,10.36131386,8.571422364,10.39126657,9.295482143,6.978190084,6.882637404,6.469547722,5.044728507,5.865630264,5.64447714,2.419835539,7.697909619,9.844760279,12.53978045,107,113.4285714,117,41.18359683,43.60942643,46.66149392,0.703961574,0.758957964,0.825677804,0.868362022,0.887743255,0.899384857,6,1,0
L_V_01_H_01,28,0,7.028318468,9.566113272,10.06516897,7.467686678,2.773737251,1.363773835,1.247709499,1.140383548,5.484209164,5.372983368,4.737290009,3.139085022,1.291143965,0.819615893,0.71115609,0.571020493,0,0.213079747,0.982317415,6,14.33333333,41,1171.264043,1233.499236,1321.189934,5.921482205,75,77.83333333,82,28.41724587,0.793308448,0.809475039,0.852841241,858.4361045,891.7922999,928.9905203,3.557993435,3.906632401,4.162273468,1.086097404,1.16079511,1.249900061,0.040782987,0.04707416,0.053434119,9.968067353,11.21566253,9.448777772,11.13503489,8.883289245,5.459883916,6.136211312,5.44697399,5.110215315,5.817923802,5.657514401,3.062351492,4.55950244,6.298429007,15.36203722,110,114,117,41.94664118,43.37217742,45.26516236,0.697160604,0.790415024,0.83794675,0.873247473,0.891796632,0.917354598,7,0,0
L_V_02_A_01,29,0,8.748121731,5.318564838,8.016609427,7.670525829,3.678777799,3.461726754,3.4471539,3.691152849,6.908221072,4.104695757,5.195131329,4.074570486,2.204565193,2.27954328,2.21162148,2.440978056,0,0.219247994,0.984787174,6,19.5,52,1573.654065,1634.90169,1668.520802,4.480992726,106,108,111,37.32944667,0.849367908,0.872201239,0.893652419,1104.395734,1145.841954,1184.328215,2.086652229,2.23992111,2.505203365,0.499054039,0.566754357,0.688423829,0.006181776,0.011852757,0.016938198,9.605982836,8.862372023,9.659210371,9.587577079,9.135339514,4.835408461,6.032522677,4.79841447,4.863472897,4.770960276,4.86890167,2.930772472,2.750710136,3.775784056,4.589815492,107,111.8571429,115,40.41037055,41.86216403,43.39128248,0.769269623,0.804093704,0.842805955,0.878834226,0.894095601,0.914080259,7,0,0
L_V_02_B_01,30,0,7.27861937,6.52013283,9.268749228,7.060596668,4.961078262,2.679984401,2.707955885,3.612592649,4.934795597,3.886260313,6.072181002,5.048062168,2.142993578,1.566543742,1.863109704,2.621060197,0,0.212456636,0.965562741,5,22.33333333,49,1550.208051,1619.548688,1689.50123,2.830291221,105,107.8333333,111,36.15579097,0.839376344,0.866963996,0.886674988,1054.42143,1091.458401,1119.326206,2.365511134,2.500474756,2.68715885,0.560796812,0.681287924,0.848458832,0.026072123,0.03013771,0.037045601,9.605982836,8.862372023,9.659210371,9.587577079,9.135339514,4.835408461,6.032522677,4.79841447,4.863472897,4.770960276,4.86890167,2.930772472,2.750710136,3.775784056,4.589815492,107,111.8571429,115,40.41037055,41.86216403,43.39128248,0.769269623,0.804093704,0.842805955,0.878834226,0.894095601,0.914080259,7,0,0
L_V_02_C_01,31,0,4.106736752,7.434086689,10.03096444,8.260926846,2.811881902,2.135888831,2.550455404,3.386151348,2.202809892,3.815003997,8.016081972,6.139938304,2.097912792,1.48152244,1.509931913,1.665849632,0,0.215118288,0.967193599,41,49,53,1619.573574,1657.404724,1727.698217,5.873150572,98,103,110,34.67369594,0.785475916,0.821550075,0.849474451,916.5705366,966.2836759,1019.657965,2.737090544,3.02403003,3.319211737,0.820561736,0.854752852,0.895121304,0.026315796,0.029851812,0.031504825,9.730075838,11.3664442,11.49851812,10.85006901,8.505336173,7.383833665,7.915996072,7.666817421,7.730436241,5.628298885,5.629128313,2.777825567,3.438636176,3.918610096,4.567206477,108,112,117,39.26207617,41.46697026,43.62779365,0.770443029,0.810831533,0.846016647,0.871734138,0.901626889,0.914073425,7,0,0
L_V_02_D_01,32,0,7.72002211,9.979686785,11.00734347,9.231836886,4.005851215,2.536676887,1.990374652,2.489274015,4.594566171,5.583681898,7.392980616,6.833104406,1.763375313,1.565633479,1.549813579,1.387650765,0,0.216811011,0.970475282,16,35.16666667,52,1406.511138,1457.120693,1498.902709,5.56448917,90,93.5,97,39.82798657,0.832892277,0.850442513,0.870856388,917.246878,945.3954195,988.6751941,3.234967416,3.351158008,3.584505005,0.921677097,0.995490708,1.07773041,0.036933618,0.03851566,0.040642012,9.52364455,9.998834696,8.160262951,10.69590381,8.811833316,6.545635306,7.216319405,6.774404274,6.890675401,5.713761892,5.635117586,2.500511839,3.599045012,4.086139897,4.699567799,110,112.8571429,117,39.94667151,42.39860215,46.08036507,0.743647655,0.80557485,0.847417883,0.882639862,0.8985103,0.912807819,6,1,0
L_V_02_E_01,33,0,7.334517032,8.032753005,12.05726743,10.22992744,4.644192443,2.678043701,2.292306253,2.425729615,3.787732387,4.859027601,7.776228962,5.091657125,1.674645938,1.427064703,1.243926018,1.114877666,0,0.216107683,0.976278512,15,38.5,52,1458.460376,1512.221372,1599.394262,4.677103224,91,94.33333333,100,36.84748149,0.814588331,0.85359705,0.878270053,909.3118992,949.6199424,1016.192823,2.861123886,3.227528462,3.471061849,0.799552168,0.917777513,1.019075703,0.033948461,0.036285878,0.03885938,10.49916773,10.8029426,9.160961676,9.465647575,10.57570696,6.281493463,6.88493484,5.231824931,5.43539435,4.533389578,5.457932612,2.677630062,3.764555087,4.217501947,4.703306683,109,113.4285714,116,40.75457616,42.36966302,43.5128651,0.755660795,0.808890208,0.851537741,0.863671272,0.890404718,0.929422141,7,0,0
L_V_03_A_01,34,0,8.944965411,8.126844047,9.334963551,5.501622162,2.02693377,1.787984262,2.37268284,2.54461426,5.026171891,6.16538432,6.297378519,3.170929889,1.052331565,0.896657815,1.355492761,1.452931837,0,0.219235958,0.980331651,30,37,45,1337.403778,1370.984793,1407.242302,7.914270396,96,99.33333333,102,32.11941057,0.786690336,0.807620878,0.848470182,984.5211613,1015.619731,1055.289033,3.000704997,3.363003952,3.55372605,0.96783793,1.086449511,1.155614055,0.016552511,0.023268248,0.0307602,8.3490974,10.26157666,11.3809321,10.80940971,10.72848114,6.480463698,5.615662895,5.552028911,5.002473427,6.569661678,6.972176086,3.116972914,4.770105476,5.802793752,6.919740783,113,114.7142857,117,42.6222986,44.55624266,45.68403167,0.738237582,0.791324678,0.821137312,0.872257713,0.897923148,0.913311056,7,0,0
L_V_03_B_01,35,0,7.368375567,9.1415226,8.026106594,2.854157596,2.88380643,2.773811319,3.874761139,4.086132945,2.047827606,4.436740077,2.433693454,0.829769056,0.810331882,0.795717906,1.004319125,0.849789964,0,0.211514136,0.974613883,31,31.66666667,32,1469.748504,1526.849611,1629.975363,8.569606156,104,107.1666667,111,24.51930776,0.58045619,0.748936941,0.85794669,1067.282176,1138.929864,1189.348486,2.083033579,2.414395079,2.83389998,0.695687086,0.861292175,1.044648413,0.028188395,0.03164313,0.035614402,7.448036523,8.826311395,10.88100803,7.573290865,11.3939238,7.74388264,5.620547007,6.216821622,6.653934922,5.173842247,7.063211927,3.329646973,4.573189532,4.933253528,5.745242597,110,115.5714286,119,43.5589069,44.98382908,47.35605082,0.762415205,0.80012539,0.84089465,0.866134251,0.894017583,0.915526237,7,0,0
L_V_03_C_01,36,0,7.186389961,2.798201681,1.794028139,0.951721752,0.238805665,0.022059864,0.287901224,0.703712182,4.731235359,0.936095963,0.886714378,0.495817559,0.111980653,0.008591101,0.143627193,0.335685827,0,0.216025488,1.003301285,2,2.833333333,4,721.044482,793.7739401,818.1282719,14.06089357,56,59.16666667,62,10.99053848,0.440587801,0.526043631,0.604721085,952.7289908,983.2327748,1025.945595,5.607031205,6.239653161,6.913841464,1.842185556,1.964133976,2.107637406,-0.047891148,0.055229696,0.12005288,7.720600637,9.326037594,10.4353261,9.977205909,9.528145899,5.251422324,5.078668206,6.158043775,5.379263627,7.312638219,3.789667636,2.595459843,4.318383668,4.775230965,5.623263621,110,112.7142857,118,42.41878121,44.30045041,45.6299415,0.742042459,0.792456434,0.839319584,0.854206172,0.897107239,0.914485863,6,1,0
L_V_04_A_01,37,0,8.789551669,6.25384498,7.716765464,9.176721052,2.668969189,3.411387164,4.729322794,7.496347952,6.168072607,2.543772292,3.064222311,1.593919647,0.975812999,1.525070498,2.680246111,3.430158527,0,0.202103599,0.958304307,6,21.83333333,56,1716.749085,1812.949183,1921.338525,1.643134543,111,115,117,38.64419792,0.786503806,0.860978312,0.892513999,1139.563374,1261.583381,1400.864958,1.459351279,1.801980895,2.200394227,0.186404224,0.380894683,0.542409382,0.008598677,0.015665983,0.028968924,9.094128128,10.26999903,10.13469371,9.258316797,9.713301964,5.222255739,5.588239627,6.866375116,7.323964085,5.687668441,6.120887659,2.44362853,2.795084972,3.901480359,4.616546328,108,111.4285714,116,40.64071417,42.61378987,44.58681939,0.754302456,0.794380251,0.847356999,0.884295806,0.896940482,0.907611931,7,0,0
L_V_04_B_01,38,0,9.236295478,7.429193881,10.85886893,9.484972078,3.076486953,3.728675205,4.309595045,6.035900888,5.78958538,4.79731439,7.221480104,6.397455118,2.350475891,2.559979335,3.151209163,4.116087345,0,0.220112156,0.978653894,10,38.33333333,51,1690.811475,1720.072686,1754.814228,2.331658397,111,113,114,44.40194108,0.880840693,0.89361801,0.905391588,1130.573359,1155.287083,1177.797986,2.060314511,2.161771323,2.207019541,0.523113198,0.563377662,0.610056159,0.021332441,0.0256656,0.031686395,9.584112027,12.98268195,10.79671769,10.17660422,9.758663821,5.39284708,6.321910514,6.258845417,7.412814975,7.034709085,7.151381523,3.096144879,3.412980735,4.099523772,5.607612014,110,112.4285714,115,41.56102754,43.54605293,45.24534393,0.712385987,0.784972393,0.848231632,0.860332477,0.899976628,0.915540497,7,0,0
L_V_04_C_01,39,0,7.329412637,9.249921672,9.089923773,2.979151609,2.090199573,2.517533214,3.023118115,0.985003671,4.243349902,7.126080307,5.81150713,1.227180224,0.722674473,1.14827075,1.400990211,0.355290725,0,0.211991578,0.97353069,7,27.16666667,35,1188.037837,1345.77026,1484.872754,4.458260563,87,95.66666667,98,29.97881246,0.740098014,0.797485039,0.821741838,864.3958374,964.5430618,999.8476786,2.621333242,3.177634787,4.453906648,0.859233523,1.10039584,1.5099682,0.035724687,0.042405874,0.052753873,8.897494263,9.519461741,10.83455479,10.85110336,11.19380752,6.30793466,4.611860931,6.252369646,7.173992424,6.405356432,5.542245207,2.638903688,3.676360292,10.25029683,19.25699954,106,112.1428571,116,40.47294557,43.67112265,49.25343891,0.709665487,0.772636612,0.820601754,0.876665603,0.891546768,0.911984202,6,1,0
L_V_04_D_01,40,0,3.618819032,8.167484413,10.59104746,2.14596473,1.294165607,2.015292702,1.950759369,0.513313243,1.024541769,3.083065265,5.1135871,1.032345102,0.710519923,0.973092125,0.712313335,0.213980936,0,0.204733869,0.964524407,31,34.33333333,40,1326.321165,1384.308568,1473.104405,6.923688819,88,91,94,21.35703139,0.598667309,0.707559429,0.758823815,809.9792691,861.0482693,898.5764137,3.010250442,3.66826074,3.909404824,1.033786242,1.242382064,1.31466634,0.031019549,0.034240937,0.037824577,9.085585209,10.03131512,12.32925833,9.702418063,10.74228484,5.585597532,6.431897655,6.497650364,6.929847651,5.77060936,6.428425208,3.528355466,3.567978244,4.74371526,5.608656813,111,113.1428571,114,41.88900662,43.48856729,44.85594064,0.749316444,0.79817353,0.863333764,0.859600316,0.901977431,0.92420639,7,0,0
L_V_05_A_01,41,0,9.750823114,5.460541032,7.874407215,3.892465385,2.463632611,3.160321605,5.133902183,3.729921981,4.985072676,2.165528497,2.83791474,1.267883381,0.722845101,0.585402261,0.644975474,0.566549431,0,0.206913249,0.966989575,8,9.333333333,11,1182.345139,1505.182452,1764.593179,6.119930081,92,106.3333333,112,29.40674617,0.604669952,0.798425242,0.886920625,1026.505392,1180.60778,1262.923579,1.849453199,2.304358524,3.483611032,0.440487666,0.728861887,1.195277166,0.009764611,0.028149478,0.048454197,9.709599275,10.75780689,12.36650963,9.489904864,10.05349041,4.811010367,6.659364606,7.256998585,6.73692856,5.93823825,5.984572448,2.651461501,3.898617543,4.126809196,4.834769901,109,112.2857143,115,39.65077393,41.96925346,43.33080217,0.723337902,0.789166427,0.834234588,0.875592139,0.892769766,0.915743309,7,0,0
L_V_05_B_01,42,0,8.184036623,6.046929421,10.90772741,4.736711572,2.345928442,2.097675132,2.516480617,3.072650002,5.022030762,3.251753032,5.132728761,2.277590745,1.079372088,0.921030992,1.198219674,1.147434503,0,0.216351043,0.980185104,10,11,12,1254.08614,1454.390978,1580.598118,8.238338563,96,102.3333333,108,29.94902378,0.747377636,0.805975191,0.842312754,1036.899053,1059.657615,1109.085794,2.541945598,2.867927413,3.328255615,0.762066212,0.928629235,1.14548808,0.032743984,0.039479755,0.053074314,8.629328053,10.66180354,9.957937847,9.587822714,8.585832563,7.70282255,6.450045319,5.78635421,6.94732027,6.147596674,4.559515712,2.855898959,4.277028028,4.319457014,4.404365732,109,114.5714286,121,39.69720361,43.20275072,46.12623354,0.74075341,0.79644907,0.847380305,0.873342677,0.889236874,0.908071492,7,0,0
L_V_05_C_01,43,0,6.173518037,6.431140564,11.43619304,5.223528165,3.561304559,2.425050853,2.889535679,2.340690095,4.751454202,4.263735022,7.35351527,3.92031246,1.95346509,1.613976237,1.962073949,1.551525992,0,0.21783539,0.971200474,11,21,43,1473.655577,1542.376229,1633.950514,4.629304426,97,100.3333333,104,34.01052334,0.811268965,0.840518681,0.868988182,948.3872754,1010.992116,1047.762379,2.410988465,2.761811968,3.033369288,0.645768598,0.811135479,0.912198488,0.032987891,0.036829574,0.041648171,8.348943563,10.27297017,11.0679122,10.30264649,9.240020965,6.602744999,4.048465401,4.768501935,6.608062279,4.974504967,4.470470762,2.905748648,5.118898807,5.345574782,6.039906353,114,116,119,43.53471284,45.37929512,47.29338913,0.729583049,0.798175642,0.853398251,0.84707802,0.88897558,0.919777124,7,0,0
L_V_06_A_01,44,0,9.891426411,5.919388948,5.264792444,2.665607236,1.676175537,1.32651879,1.518856801,1.555961751,6.61392932,3.928489768,3.33087569,1.370832631,0.857596682,0.791879402,0.732054732,0.986942983,0,0.220120934,0.983168486,5,12.5,30,1157.390661,1204.181773,1270.08718,12.75144774,88,94.83333333,101,24.57503988,0.712332346,0.751283414,0.775871421,999.7178246,1058.465792,1115.309005,2.909438595,3.456382701,3.993097256,1.04543992,1.205399656,1.330038485,0.016819278,0.025850679,0.032403561,9.045140649,10.10113789,8.744652553,9.366020863,9.582748809,4.647908857,5.01540561,6.436977625,5.64090424,7.392034733,4.398459568,2.925514927,5.519142823,6.030750842,6.350135333,110,112.5714286,115,41.93747725,43.24834466,44.78528184,0.759778519,0.810587479,0.860586698,0.883362712,0.894115448,0.905028854,7,0,0
L_V_06_E_01,45,0,8.706694591,8.572408833,9.029019319,6.786156337,3.661649766,2.847603322,4.305697682,2.975947291,6.965510349,6.421666891,7.087980356,4.487984045,1.920521864,1.60784374,1.813997423,2.047159733,0,0.220931287,0.98136768,10,16.33333333,38,1422.245225,1498.956577,1568.643174,4.170549288,101,104.6666667,107,39.81395703,0.831615561,0.861402155,0.889479891,1029.298574,1068.636644,1096.310243,2.35712541,2.675168254,3.054004084,0.758237952,0.871385796,1.023303957,0.037745289,0.040356972,0.042360896,9.1129198,11.48884649,10.70893167,11.89620459,9.701675129,7.230830598,6.90461914,7.380387975,7.080524554,6.287771815,6.188723764,3.426324766,5.840657604,7.161650617,8.79452955,111,114.8571429,118,41.7163028,44.06159605,45.62148733,0.747992839,0.792084576,0.861387267,0.886821366,0.90032918,0.915492995,7,0,0
L_V_06_F_01,46,0,8.424606942,7.709886941,10.25664358,8.660547861,4.442932486,4.237681227,4.476825954,4.253761141,6.936730845,5.428812892,6.759824641,5.218184314,2.098002728,1.812256825,2.189052495,2.131892845,0,0.219233166,0.977883956,10,15,38,1503.313381,1576.884851,1716.729918,3.37696692,103,106.3333333,109,40.8072077,0.854032846,0.883633811,0.921684735,1043.72558,1076.943665,1106.204146,2.163622066,2.482295862,2.702830721,0.530746144,0.741757191,0.842502251,0.036425818,0.038296982,0.041713693,8.369973963,10.00739326,10.78871546,12.25559057,11.24318518,6.466905174,6.433189571,5.339238654,7.704153036,7.917175971,5.400067401,4.050021842,6.60580947,6.910258424,7.569727951,110,114.4285714,117,43.13628616,44.95613106,47.08097564,0.772406716,0.808291692,0.855526363,0.887908153,0.903163145,0.92158017,6,1,0
L_V_06_G_01,47,0,7.82271219,8.528061969,9.82838037,5.385644152,2.681045366,1.989410069,2.222469387,2.234235007,6.100205912,6.247594754,7.269545328,3.739630449,1.735552441,1.481163407,1.588644521,1.524003424,0,0.22013027,0.976746789,10,13.66666667,23,1403.737596,1431.995858,1453.6765,5.449892812,97,99.66666667,102,34.395547,0.816347363,0.838287937,0.845918546,990.5902836,1007.097517,1036.336054,2.949988879,3.087993824,3.19975959,0.976876337,1.017945787,1.06195054,0.039345005,0.040334209,0.041494429,8.163927044,11.43922031,10.59587517,10.83522472,9.39422133,6.644461574,4.057729951,5.998956807,5.885692188,7.69591017,4.63091981,4.13568352,7.367050801,8.893060933,9.739778296,113,116,119,43.70390251,45.16276698,46.823476,0.746306332,0.788908545,0.850585834,0.872238603,0.895368935,0.907170969,6,1,0
L_V_06_H_01,48,0,7.815836602,9.956633614,10.285289,8.619788544,3.294564355,2.912289359,2.924580935,3.062614516,6.428772619,7.018185746,7.332768109,4.898464087,2.522181968,2.393108875,2.437950169,2.306866342,0,0.220406197,0.982404923,10,10.83333333,14,1511.724611,1535.027725,1557.483655,3.951093642,102,104.3333333,106,41.4340675,0.868211259,0.880047072,0.892441512,1009.671106,1051.258261,1075.755298,2.491442167,2.646172633,2.845976077,0.792695184,0.837306839,0.891557196,0.037144226,0.038834836,0.040908747,7.743632963,13.14980218,8.867215678,10.7325568,9.176200665,6.268725024,5.505441434,6.800936345,5.622083898,7.316881271,5.296518859,3.741385715,10.26618387,12.00423652,13.58839693,112,115.1428571,119,42.99688323,44.27178399,45.94169982,0.72170204,0.780517754,0.842253212,0.88632845,0.899190855,0.914881767,7,0,0
M_F_04_G_01,49,1,6.644052115,0.884075961,0.250846827,0.159498711,0.032531024,0.001364011,0.047366138,0.091763977,5.743305906,0.679181967,0.227063631,0.128063777,0.028236671,0.000757647,0.039138564,0.078337333,0,0.24246446,1.139003006,2,3.833333333,5,313.4184277,331.4446929,350.7823131,100.8856649,23,25.16666667,27,7.417416424,0.416132059,0.425645423,0.439990853,565.1209655,583.2592151,605.2767266,20.56267118,22.24308285,23.54415958,3.960893245,4.117109046,4.252118546,-0.3394885,-0.147744567,0,7.539810738,9.023269073,9.125250769,11.08069236,11.788365,5.44457144,3.64033234,4.687915439,4.638081227,7.948482494,4.950172521,2.358151962,12.39345215,13.89355201,15.68027722,111,112.7142857,115,45.45766037,46.53152832,49.04989325,0.746407562,0.794234335,0.860492566,0.857029255,0.892935417,0.911975018,2,5,0
M_F_04_I_01,50,1,6.359995596,11.75309263,10.54622885,5.271576472,1.356915987,0.65439001,0.606603673,0.617178542,3.091589943,5.90954591,5.046400574,3.310635866,0.868541396,0.462782447,0.355669245,0.379014629,0,0.214473463,0.980038251,17,25.66666667,38,1092.746748,1139.208283,1216.347053,9.028965384,61,61.66666667,63,29.87654274,0.774973681,0.794471883,0.812059212,714.0127045,728.7545088,760.248312,5.530696218,5.766876929,5.915741919,1.365347256,1.509665188,1.600926784,0.03946417,0.043417375,0.045669361,5.621332528,10.96651862,8.826639607,9.68085532,12.15630683,6.117360366,3.863742285,5.602687506,5.681224227,5.079574227,7.553701174,2.898614392,11.00337306,11.73948217,12.92163883,113,115.4285714,117,47.09643008,47.91191001,48.64509133,0.771920326,0.802248682,0.84005992,0.879342248,0.897193766,0.908865519,2,5,0
M_F_04_I_02,51,1,8.521285181,11.48949953,9.688324164,6.075756006,2.065890903,1.382667012,1.549083845,2.375799645,5.413131398,6.988946304,3.982281471,2.562492068,0.918804698,0.679228313,0.687661066,0.795047538,0,0.210316366,0.967912773,8,17.33333333,30,1046.957868,1206.525271,1345.214505,10.11131187,71,81,95,32.08382492,0.746637404,0.800864312,0.845567662,869.8595314,925.299639,990.6301776,3.715183968,4.302241063,5.083208896,1.231581352,1.370072486,1.605152967,0.032327358,0.045350535,0.055654196,4.978987475,6.018605874,6.503834557,5.253009467,9.167075462,8.570399401,2.255601369,1.22803336,2.087241448,1.957217485,7.666227121,6.120139277,18.39550302,33.42897147,67.68995263,119,121.5714286,123,50.658037,55.82282667,61.10255839,0.737716594,0.809241099,0.900921328,0.737160664,0.810088164,0.86841169,0,7,0
M_F_04_I_03,52,1,6.388407077,9.594951763,11.35845657,7.867480128,2.362673433,1.599885592,1.399384139,1.734549485,2.238334372,4.214191222,3.899992246,2.432006558,0.665064525,0.541558268,0.489550181,0.507215451,0,0.203315137,0.979469808,10,38.66666667,46,1078.334747,1343.590622,1468.834684,9.792202062,69,76.33333333,88,31.73768209,0.712324527,0.792661892,0.830674501,799.5721914,838.2344357,882.7919275,3.982160792,4.616149333,4.950544041,1.191751081,1.311040246,1.415650472,0.030748069,0.038323386,0.0585735,7.83798194,8.736118399,8.485867069,6.230472181,8.830186958,8.314619996,3.21011868,3.398716369,4.330762835,3.73691006,6.654682396,4.562150142,9.797360933,32.62301465,57.11248495,118,121.2857143,123,45.80846206,50.93579726,54.51919444,0.712994266,0.788725586,0.860020095,0.821424722,0.859109996,0.906687286,1,6,0
M_F_04_I_04,53,1,8.39682572,12.00662144,8.584904474,6.772032562,2.341307492,1.378294819,1.459263355,1.782402597,5.916412557,5.113851234,2.554210539,2.000278708,0.704030735,0.464298761,0.461651786,0.591612352,0,0.212341935,0.976776592,10,16.5,20,1046.318611,1167.630887,1278.58888,11.61715726,68,77.33333333,85,28.72755306,0.703461111,0.78271651,0.8396334,883.8999214,913.4670857,936.0237147,4.054704183,4.520730918,5.050701674,1.268170801,1.435463023,1.570224935,0.019366284,0.042941961,0.051434877,6.725237876,7.761591313,6.837070571,9.005311675,9.018560344,8.393395419,1.310707446,2.26307793,2.467910624,2.791336035,4.822527253,4.764865555,14.40499588,30.7810023,39.32953725,117,121,124,47.48769656,52.68228512,59.33959536,0.689026669,0.760202633,0.857539308,0.723192664,0.828498493,0.901043559,0,7,0
M_F_04_I_05,54,1,8.677974685,9.193897039,8.316673602,6.055551043,2.1045029,1.090936191,1.201332215,1.234256303,5.821051396,4.014983595,2.598594913,1.82214482,0.731780051,0.373494213,0.407846872,0.428261569,0,0.213452131,0.98066601,8,8.333333333,9,978.5066582,1068.289416,1233.706679,13.5162799,66,70.66666667,77,21.81560562,0.685755837,0.729956384,0.835134276,872.0477561,898.8178707,927.0265747,4.142401,4.625410913,5.09164112,1.233581911,1.439178602,1.587922975,0.038413244,0.051524396,0.062592392,6.305527743,9.345406249,10.88246041,8.836169494,12.82860371,9.252164615,2.31633253,2.965376731,4.03407214,4.225740453,4.461570877,3.359479682,18.84538239,59.02613649,101.8329476,111,119,123,43.60224579,51.22054855,56.90156829,0.603828303,0.7845037,0.88009088,0.829670456,0.876627771,0.910101615,1,6,0
M_F_04_I_06,55,1,7.908770006,2.252705321,5.267911852,1.467733275,0.418618862,0.350067851,0.357644653,0.311549607,2.675053544,1.139380821,1.001281757,0.534009899,0.286866777,0.23758836,0.205292054,0.161129113,0,0.166724645,0.899203778,5,13.66666667,45,757.3338627,920.5367842,1202.891405,36.46538969,61,70,83,10.77756481,0.471023832,0.51775815,0.619907242,769.7105011,909.9257708,999.6440391,4.349215222,5.135472837,6.6457651,1.173820604,1.615041689,2.040652676,0.043030279,0.073905335,0.123645348,8.236486163,9.473815003,7.425107794,10.16202067,9.857157314,8.226002239,1.418268549,1.576777663,1.465757538,2.343519464,6.151625378,4.279229698,3.664653804,62.64840955,119.6250816,113,119.8571429,123,43.11869096,54.47017775,61.42446879,0.556930702,0.716934577,0.862490637,0.741344355,0.809297954,0.89834023,1,6,0
M_F_04_I_07,56,1,6.324688845,12.42277089,10.4215394,6.0835357,1.729494803,0.69717655,0.609555459,0.567391834,3.527589361,8.690568944,6.381237849,3.372918518,1.161199186,0.539023531,0.515355851,0.432470597,0,0.216969603,0.969651138,19,28,45,1145.265261,1166.027306,1209.741551,6.896868965,62,63.66666667,66,31.20207766,0.776680289,0.797343471,0.819527477,726.4890063,739.3571334,761.7287704,5.2750749,5.553106224,5.867878804,1.372109094,1.472592721,1.560939878,0.031601474,0.039562802,0.043388925,5.271276054,9.267657221,10.80547017,8.760084107,12.36433965,4.114335412,3.682005999,5.246244473,6.554699643,5.919864765,8.423051439,2.643117934,10.72271246,12.14593363,12.84371198,109,111.2857143,114,46.61245558,47.29703539,47.97326654,0.709694881,0.777566293,0.830298903,0.85395086,0.877697098,0.891473059,5,2,0
M_F_04_I_08,57,1,6.248719818,12.85887272,11.75929735,7.375644616,2.000744329,0.991093619,0.892615044,0.842267408,3.248339506,7.729916187,5.207975091,2.779432582,0.758707161,0.438799586,0.330220927,0.298228018,0,0.218110266,0.972517608,20,29.16666667,44,1084.708979,1155.829151,1204.062065,8.538290432,61,62.83333333,66,32.11916749,0.767495658,0.796145919,0.82648325,711.9579473,731.8216098,775.0984131,5.09614582,5.563448531,5.897181293,1.306618316,1.486342562,1.597014049,0.038387351,0.040555112,0.043493314,7.751958181,10.95547963,11.51208999,10.36471386,10.81234739,8.4535388,4.181503638,7.265910198,6.970776333,6.548568357,5.838898314,5.288658233,10.84478561,11.86266406,13.08968463,116,116.5714286,118,45.64158591,46.7404348,48.07512535,0.775925547,0.811379348,0.866735229,0.874060925,0.905106151,0.921860783,5,2,0
M_F_04_I_09,58,1,7.728997992,12.32489334,12.59509416,5.892251344,2.064835703,1.197797532,1.334648961,1.49466134,5.205986437,9.474791444,6.929886701,4.053950508,1.548549098,0.851426642,0.872173837,1.093025613,0,0.219007062,0.976323795,18,22.16666667,36,1168.216353,1232.764331,1288.940586,9.832146794,69,75.33333333,79,37.43892181,0.808021126,0.816670131,0.829088109,824.1851727,862.0268449,897.9206613,4.428863902,4.802539441,5.32870511,1.388159526,1.449562036,1.545102043,0.041596008,0.044657543,0.04688275,8.569413352,9.485404014,7.576755887,7.941797038,8.684812184,7.057561687,6.316030829,7.161578539,5.287272809,5.4964789,6.313974291,5.010321237,3.651305417,5.033913945,6.629126074,116,118.5714286,122,43.02291714,45.16700968,46.86247424,0.736238665,0.790471008,0.832623102,0.879759325,0.896227597,0.907843875,6,1,0
M_F_04_I_10,59,1,8.203663293,11.79975139,10.70947624,6.542032816,2.172902266,0.938616032,1.014677588,0.952025424,6.714684465,9.479409005,7.262473858,3.868678489,1.415156958,0.593914891,0.568657148,0.636292234,0,0.219761698,0.979700851,13,18.33333333,20,1108.717938,1160.691956,1198.561875,5.915616044,65,66.66666667,69,35.93685723,0.805413654,0.819063953,0.828622589,785.0704775,798.1271962,828.438238,4.777440268,5.038989435,5.350352838,1.310793903,1.419459795,1.537301847,0.044411227,0.047227746,0.050531342,9.697284286,10.87205935,10.13781792,9.505867793,8.061481295,7.293511482,6.61940231,6.123702684,6.490731266,6.17465984,6.029798279,3.717422327,3.761440881,4.093578228,4.822635431,112,114.2857143,118,41.50691779,42.87880072,45.79614713,0.753789484,0.802028162,0.833375895,0.884148093,0.897814436,0.907689667,6,1,0
M_V_01_F_01,60,1,9.029484796,9.886342786,11.5163651,8.829758223,2.891320759,1.798146853,1.796726701,1.741087682,5.29601653,5.630434438,5.374368287,5.476987335,1.807693397,1.00745937,1.076157829,0.892475946,0,0.213450893,0.973665217,8,21.16666667,42,1262.688103,1348.973109,1405.348951,4.977476603,79,82.66666667,87,39.50584543,0.803079889,0.838528468,0.85173339,871.0512665,909.5347879,947.3976023,3.334469054,3.597563768,4.027758564,0.976641324,1.048711032,1.161492462,0.037790813,0.044263697,0.053450862,10.83390046,10.89121362,13.96770207,9.009615645,11.14528555,7.717601321,5.729128246,6.436181429,6.579403629,4.970471296,4.897841423,3.953538902,3.359920014,6.842492434,13.05322637,110,115.1428571,118,40.05202616,43.40088755,49.18479941,0.751037268,0.788143393,0.833306193,0.883172279,0.898947917,0.911480368,5,1,1
M_V_02_G_01,61,1,7.234488311,5.940641614,8.236927715,2.69959281,1.305341718,1.572426986,1.85519622,0.684071797,4.067058759,2.913602368,6.431759267,1.816835972,0.736583247,0.830462198,1.013659044,0.361089454,0,0.21454801,0.966984805,9,33.33333333,39,1184.439182,1259.395827,1330.983672,8.109602105,87,89.5,92,23.33575741,0.714039361,0.741883075,0.78374485,891.187878,918.5096075,935.4955007,3.133760309,3.634397686,3.961241436,0.989422535,1.159851214,1.214158382,0.040972026,0.047651671,0.052542225,8.556612719,8.496868848,7.355195824,9.83980647,10.33411491,7.868741007,4.949244432,4.464357945,3.94146417,4.935753636,4.859026693,5.025775362,9.501644594,14.09567361,17.99403113,117,118.7142857,120,46.53537522,47.62522406,48.66786827,0.71693427,0.796450817,0.860196009,0.830392347,0.877254167,0.903804312,1,6,0
M_V_02_H_01,62,1,6.776378742,5.161210864,7.608561556,1.763413623,1.177889036,0.895471765,1.17248052,0.723604183,3.626514329,3.709176883,5.370528261,1.08471393,0.806281756,0.631815943,0.945999603,0.547608628,0,0.21184146,0.962783628,9,28.83333333,40,1174.588404,1219.80535,1291.462283,12.54971737,84,89.33333333,95,20.6042741,0.682720978,0.728126213,0.75809053,914.9194606,946.1891188,969.3534804,3.768220391,3.949289569,4.301710375,1.246732273,1.297826584,1.399522718,0.048574405,0.052564404,0.061581047,9.097041048,11.13330218,7.216228961,10.95306689,13.91024779,7.565795711,5.57724528,6.395858583,3.429500245,5.985718601,6.228908335,2.997752842,9.634532617,21.5054314,29.94421897,112,115.2857143,120,41.65032028,45.6491733,48.98267926,0.740736888,0.787812742,0.84952265,0.853329703,0.891288138,0.919751318,4,3,0
M_V_03_D_01,63,1,5.304056182,9.366514366,9.552106217,3.26551768,2.819649828,2.396825498,3.366274465,2.426433846,3.00422157,6.932347689,5.613155365,0.932176025,0.837660433,0.740276543,1.067756076,0.728782754,0,0.214273281,0.976194598,15,33,39,1266.708769,1485.451614,1638.026843,8.882117225,92,102.1666667,107,30.74181112,0.718617635,0.79854787,0.840158285,919.1979356,1036.867116,1086.473258,2.349942221,3.017283932,4.425609948,0.779022152,1.050256669,1.521239699,0.029237854,0.034665629,0.041450836,8.181204956,11.57269889,10.96733042,12.71243764,12.54731102,8.919392472,5.334201968,5.599206309,6.866267631,7.02154689,8.177188437,3.480503959,6.513207735,16.24096805,28.08337197,111,114.2857143,118,42.2926183,46.34943078,48.81370035,0.754173521,0.799042522,0.835770775,0.881723543,0.907771501,0.936317697,3,4,0
M_V_03_E_01,64,1,9.149717748,10.95640327,8.430664616,2.516536934,1.768688436,1.940424272,2.687076894,1.481333099,6.280682769,5.598679634,5.163560158,1.158499007,0.728237094,0.766843834,1.100949581,0.614084818,0,0.217362615,0.971186905,7,19.66666667,40,1127.306747,1215.725306,1318.481863,9.016967298,88,93.16666667,99,31.11804777,0.741738013,0.784353918,0.817332996,944.4305814,971.1753449,1039.272669,3.092442223,3.793033701,4.291894027,1.114951365,1.320508437,1.451752038,0.04794285,0.052949882,0.060659553,8.256161611,10.42567817,11.9461391,10.10532243,10.46878468,7.375994205,5.166756123,6.101690852,6.739812725,6.466491449,6.143035465,3.800840196,5.853684737,13.75402822,21.93206842,111,114,116,43.21926741,46.26988214,48.76221012,0.71666168,0.777404571,0.840136361,0.872777642,0.897064039,0.91687636,5,2,0
M_V_03_F_01,65,1,9.149717243,10.95638002,8.430650624,2.516574109,1.768677899,1.940429257,2.68711414,1.481214922,6.280669579,5.59867978,5.163564242,1.158489903,0.72821654,0.766833172,1.100990459,0.614067619,0,0.217362671,0.971187693,7,19.66666667,40,1127.306716,1215.72234,1318.47742,9.016436938,88,93.16666667,99,31.11798902,0.741737901,0.784353746,0.817333192,944.4257973,971.1711801,1039.265454,3.092446014,3.793016948,4.291864777,1.114949686,1.32050438,1.451747976,0.047943242,0.052949852,0.060659743,7.961984832,10.48015696,11.70286767,11.72417828,11.127654,7.726836296,4.431033998,5.596554956,6.516282934,8.436094182,6.737388775,4.197618937,17.00080421,27.66704007,45.24296389,113,116,119,43.45353247,47.39538716,49.82869335,0.733120977,0.785268366,0.843722625,0.88126043,0.899322431,0.919198717,2,5,0
M_V_03_G_01,66,1,7.042385925,3.451537656,6.566560699,1.768258965,1.372417535,0.948429776,1.061154988,0.743622615,2.856628683,2.560756891,5.387307087,1.36626557,1.029854558,0.808977985,0.734786355,0.479143017,0,0.214913929,0.977842926,7,28.33333333,40,1116.954627,1268.618477,1395.896873,10.54365674,80,87.33333333,93,19.06921291,0.679576793,0.695580075,0.722940128,921.4395811,940.8861521,966.6232176,3.297810281,3.617776761,4.043112611,1.002166879,1.131551694,1.286870883,0.043408691,0.048980491,0.055806011,8.775541672,10.90556775,7.033406324,10.27940098,10.41320737,6.0581494,6.870785584,6.136235371,3.452987734,4.624991857,5.415459653,3.000738235,13.13838603,32.57682482,47.59357559,109,113.5714286,116,40.74159992,44.42467034,46.81889611,0.732054525,0.781326058,0.839639721,0.868949697,0.888338457,0.916112593,5,2,0
M_V_03_H_01,67,1,8.652066283,5.419214728,7.690820512,2.124197008,1.462745237,1.051592004,1.275542052,0.996063638,5.678914998,2.859733974,3.649803295,1.177608206,0.741750232,0.537577038,0.704943858,0.463127111,0,0.218312002,0.980964865,8,9,10,1105.908487,1163.447656,1216.776897,13.6788333,80,84,90,23.53231265,0.673191111,0.729093317,0.752903354,923.8985312,948.4093917,972.5748494,3.736178343,3.922125182,4.062230336,1.229744879,1.278393454,1.335215271,0.048263554,0.053690514,0.060854301,9.636711449,8.403686399,10.39414802,8.834444954,9.715338135,7.649154531,5.614553815,4.553971611,4.235872248,5.068038651,7.397489808,4.411811782,17.24048651,29.12739062,35.09251167,116,118.1428571,120,45.61563407,47.06597166,48.63100533,0.749012848,0.802482863,0.850923409,0.877449662,0.89405443,0.911730987,3,4,0
M_V_04_E_01,68,1,2.633800438,8.319827573,8.88277332,1.982802227,1.327680965,2.05380607,2.336201431,0.688217417,1.687058546,7.124016798,6.754159466,1.468529984,1.011534667,1.299267276,1.34496215,0.369322686,0,0.220607165,0.981220597,30,31.33333333,32,1350.560062,1397.135355,1475.083028,7.02196001,89,92.33333333,97,24.50185553,0.702337214,0.723518685,0.756000413,836.6546401,875.7259955,955.9031415,2.975155805,3.606441178,4.095801814,1.05158485,1.259556489,1.396496254,0.031740488,0.034206859,0.0359499,8.256161611,10.42567817,11.9461391,10.10532243,10.46878468,7.375994205,5.166756123,6.101690852,6.739812725,6.466491449,6.143035465,3.800840196,5.853684737,13.75402822,21.93206842,111,114,116,43.21926741,46.26988214,48.76221012,0.71666168,0.777404571,0.840136361,0.872777642,0.897064039,0.91687636,5,2,0
M_V_04_F_01,69,1,4.919615141,10.31992812,7.29647985,2.138801453,1.51969812,1.845038101,1.845416162,0.439671571,2.442451028,6.676833348,4.567169903,1.261838506,0.862329255,1.136726514,0.916428597,0.238638378,0,0.219385949,0.978516549,28,30.66666667,34,1250.677494,1265.942884,1287.03013,6.853153544,87,88.5,90,23.9291856,0.708727834,0.740973726,0.76668628,845.8898586,879.6033074,906.9816279,3.643379368,3.755701967,3.986708136,1.266358667,1.299991632,1.359562893,0.035797451,0.038444178,0.042291318,9.774417619,12.53356726,13.02003542,12.81359029,13.31618689,7.294197733,6.040630314,6.584228398,6.763778706,6.471218836,7.883744384,3.88255357,24.01065844,37.02146657,47.0623755,114,115.4285714,119,42.78407737,45.54062023,48.16026463,0.748180482,0.792931275,0.851957161,0.888849884,0.905580835,0.929743891,5,2,0
M_V_04_G_01,70,1,2.997402617,8.77849842,6.01142036,1.826985409,1.391812974,2.074999351,1.655626863,0.552708249,2.116884703,6.754592866,1.632771772,1.181349324,1.045290248,0.749817402,0.68732582,0.399599012,0,0.199097159,0.987146176,22,29.5,33,1185.051934,1345.502961,1390.219975,6.898616144,84,91.5,94,20.72005541,0.636364305,0.703230444,0.736671052,907.2186881,928.2643337,937.6196661,3.115801322,3.353730504,4.006710818,1.085896004,1.182565921,1.430101157,0.026660719,0.029598829,0.032591687,7.113569729,10.77161706,10.27845484,9.344715381,11.10351448,7.08715689,5.692681874,6.621599818,6.536856782,5.872878239,6.394883908,3.932631762,21.87589284,31.61620563,44.21418925,112,116.2857143,119,44.19038314,46.14086668,48.06344057,0.700491717,0.776815305,0.822500825,0.874367247,0.898588981,0.921094512,5,2,0
M_V_04_H_01,71,1,8.622057078,9.070615987,7.097383019,2.681263444,1.982218647,1.489741752,1.815771066,0.877708396,6.026441309,5.444955118,4.081777899,1.41877491,1.097869328,0.898400338,1.048060839,0.518321536,0,0.216905029,0.97486018,7,11.66666667,27,1101.343934,1183.616974,1288.090601,8.249218419,86,89.16666667,93,27.80842958,0.723809161,0.771144194,0.797949692,939.1981684,961.041305,977.4104844,3.298094597,3.696622672,4.089934838,1.140785548,1.267086585,1.402396128,0.042628116,0.04862513,0.054501915,7.338687292,10.26243734,9.542080422,10.5006193,11.26298265,6.657706143,4.230149534,7.162965077,7.048698476,6.126402393,8.39726154,4.315578139,21.71324121,35.89038646,42.42304614,113,115.1428571,116,45.18420474,47.335931,49.38033163,0.751596162,0.802270569,0.845491439,0.888866674,0.899442741,0.909220144,3,4,0
M_V_05_E_01,72,1,7.36082383,10.40699673,12.71960349,8.39737371,4.048143334,2.393792795,2.358101488,2.160450946,4.490286156,7.24826361,8.232065147,4.708734132,2.067498166,1.545684406,1.587299304,1.52305512,0,0.216280325,0.973042213,10,25.33333333,44,1373.744998,1441.748039,1514.905443,5.274538602,91,93.5,97,39.59350005,0.833607946,0.852513948,0.871666108,943.2585971,952.6481309,965.7901651,3.172541584,3.274472871,3.366870322,0.918193392,0.996970185,1.09996584,0.036108341,0.03869153,0.041191387,9.592050679,11.05990397,9.995212968,12.41913982,10.09887652,7.515527639,4.123531366,5.607513109,6.272282182,6.41520937,6.617071578,4.594453721,14.37010786,19.37553273,24.82359639,113,115.8571429,119,42.99392699,46.41219552,49.22241551,0.711008324,0.771808632,0.837121532,0.875829132,0.898760151,0.911519837,3,4,0
M_V_05_F_01,73,1,9.150651649,9.416881106,10.49941491,7.383748998,4.008103693,2.58365773,2.602136922,2.173921515,7.833431704,5.594646342,6.153958113,3.929319324,2.091867052,1.31014001,1.297095404,1.15665957,0,0.21747762,0.978133211,7,12.16666667,18,1293.989597,1384.939789,1458.026361,4.232167962,90,93.66666667,98,39.00456923,0.823762694,0.854310197,0.879575377,988.8893444,1000.163341,1019.600989,2.84725293,2.998158007,3.24390548,0.883654665,0.929261079,1.027725784,0.040988491,0.046959815,0.055082298,9.333849354,12.07244046,9.900604096,12.23479676,11.06483588,6.639302567,3.816025517,5.695224481,7.355466349,9.287887025,6.688186664,4.482909928,34.47190885,44.02438772,80.79309028,112,115.5714286,120,42.51234059,46.11335433,50.99610231,0.715905498,0.78414328,0.828906759,0.875307762,0.899581268,0.912581312,3,4,0
M_V_05_G_01,74,1,8.601384209,9.206187327,11.99595394,6.957037704,2.623104116,1.67205839,1.924370139,2.011816113,5.662931211,6.668080925,10.5098483,4.630367384,1.843501474,1.161435001,1.521217465,1.155949509,0,0.219587352,0.981001158,7,34.5,41,1278.524208,1335.573692,1369.731159,5.970643925,81,88.16666667,96,38.79886406,0.830810769,0.836659609,0.846719501,887.9972444,928.3387909,976.8834846,3.423556764,3.770656323,3.984187542,1.061456259,1.154200377,1.235861085,0.039324373,0.043470463,0.050286199,8.598522126,8.539561473,12.76112886,11.31519245,12.74481337,6.644158452,4.761246267,5.209661649,6.86560236,6.891992797,8.076145495,4.207916621,28.28572133,35.61674038,47.44762738,110,115.5714286,118,44.87388386,47.16866435,50.403567,0.735220455,0.787221666,0.826279542,0.886915562,0.902125112,0.913298904,4,3,0
M_V_05_H_01,75,1,4.947238026,8.251320518,9.040520822,2.65732362,1.900743435,2.191992369,2.113784612,1.066276542,3.158881019,4.959393513,6.926941,1.883905206,1.23833333,1.486554395,1.686063267,0.773070273,0,0.219652748,0.975111796,33,34.66666667,38,1355.547571,1404.856666,1453.640009,7.185135589,94,96.33333333,99,27.22064843,0.74317146,0.770843624,0.803626728,959.416031,973.8692111,992.4907603,3.021517082,3.122333461,3.263746447,1.011825018,1.04142893,1.093108735,0.024470979,0.029765488,0.033696975,7.354326252,11.12120993,10.15071449,10.50698058,12.15382597,6.655969686,4.81569174,5.508654789,5.904547845,5.742275014,9.418561658,3.668677698,26.58344762,46.86194552,69.61447968,111,115.5714286,118,44.60614224,47.32276715,49.84331578,0.759981756,0.796806585,0.849015484,0.875142769,0.901998016,0.91681848,3,4,0
M_V_06_C_01,76,1,8.557846722,9.92121595,9.996543216,9.345178675,2.918512192,2.792112302,1.84386842,1.741636174,5.761534387,4.659270032,4.071366945,3.623041091,1.262627927,1.265125893,0.958863776,0.662778328,0,0.208775233,0.973199087,9,14.83333333,19,1167.943704,1326.739335,1456.748486,7.142694959,85,90.66666667,96,29.87604206,0.749393373,0.799618839,0.858331743,924.3096931,981.745966,1032.161394,2.967375101,3.188308671,3.435532659,0.904725929,1.018701308,1.124008329,0.03752621,0.049432401,0.063333006,8.238415586,10.44956232,11.31609091,10.80579483,9.304971028,6.395504805,4.669137582,6.270589103,6.027814391,6.84734925,6.008455535,3.231229891,8.589828651,13.65568747,17.67247595,109,114,116,42.09829971,44.32174275,46.53578828,0.735719404,0.794047767,0.85523118,0.868164824,0.899450551,0.920159611,6,1,0
M_V_06_F_01,77,1,9.128915744,9.247669006,12.04523556,8.994488376,2.882144771,2.43971648,2.276378577,1.84395311,5.727897164,4.399353829,7.014366256,5.221187994,1.556078458,1.01174173,1.085465999,0.890224785,0,0.216743945,0.976918013,10,20.66666667,44,1295.244279,1365.768486,1404.101773,5.569507456,84,88.83333333,95,37.71872521,0.821313326,0.840705855,0.863714939,905.485911,936.2206256,978.420076,3.219305335,3.387385327,3.578145938,0.889198853,0.987238723,1.097092691,0.041552827,0.045067067,0.04842068,5.911900202,11.39715744,12.60958765,8.585478981,11.18436902,8.516525447,3.296700161,3.956810103,6.231728513,3.151575596,6.972278721,5.611623548,13.16823237,23.12837245,35.41952807,116,118.8571429,120,46.9221929,49.48232007,53.035807,0.716826566,0.775712037,0.842642096,0.817895734,0.878407853,0.907205528,3,4,0
M_V_06_G_01,78,1,8.871722014,7.827872858,10.98752305,4.420575086,2.219824014,1.590889731,1.632071861,1.328573322,6.286502141,5.369686442,8.269707995,3.56990804,1.524524067,1.101663577,1.104215498,0.922719522,0,0.217266953,0.979089907,7,24.5,40,1208.785815,1279.050825,1318.016029,8.520474973,82,85.5,89,33.20060263,0.796927851,0.815097296,0.824975587,914.6173911,924.9606477,944.6475501,3.611588812,3.791884154,3.863544248,1.119901481,1.176745842,1.222458828,0.033123458,0.041448678,0.04880386,7.574983155,9.169207053,12.88575031,13.74836747,10.78911416,8.318404186,4.282501669,7.162732423,9.624397386,7.726730635,7.723240907,5.406629531,12.79205686,37.54398917,42.95132601,115,117.1428571,119,46.33711065,48.07147642,50.07114209,0.749297688,0.805703028,0.853808483,0.891200942,0.90498146,0.918318468,4,3,0
M_V_06_H_01,79,1,7.915407387,6.867863548,10.36070485,3.205456894,1.822159802,1.469563957,1.830267822,1.049472201,5.067178597,4.38533624,8.062086276,2.409542977,1.194908421,0.743209268,0.967631605,0.643208983,0,0.216582849,0.980365264,6,33,40,1201.747148,1245.682473,1277.838163,11.36123309,77,83.66666667,91,28.2763593,0.773437344,0.789255933,0.809100436,884.3291035,907.4127569,943.1421347,3.680643658,4.069565221,4.254193684,1.179976368,1.247021202,1.293665445,0.032809121,0.042355217,0.051123113,6.48943398,10.16675554,10.79864262,11.27139385,11.5868681,7.979865847,4.87331237,4.775827224,6.509121913,7.993086929,6.773538454,2.980733175,46.96869802,57.08515271,66.60116248,110,117,120,44.58107003,48.21058315,49.88605491,0.728870744,0.789752911,0.848559847,0.88519275,0.897800987,0.92290096,1,6,0
V_F_04_H_01,80,2,6.545509766,10.95678755,11.1111668,4.07794708,1.350339275,0.87945334,0.995008304,1.372213418,4.431672091,8.295206594,5.72571755,2.285316235,0.76907142,0.452211369,0.486464699,0.730428189,0,0.212336084,0.960042504,17,27,36,1102.9724,1161.793411,1244.186488,15.27715271,64,68.5,75,30.31461052,0.759886953,0.785531192,0.804362181,807.4462737,822.2568356,855.2444804,5.210937636,5.594693664,5.967054642,1.576765655,1.638012064,1.750386678,0.033399999,0.039993166,0.045985903,6.631780292,10.69072981,12.90375616,7.343340656,9.494822909,6.604296768,1.007304494,4.209522096,2.622142289,1.794924696,1.282877939,0.774166463,9.354978621,238.9227553,1592.170401,103,112.5714286,119,38.24385406,41.98646728,46.58149724,0.632000902,0.776819675,0.875467463,0.61639155,0.793963219,0.892892238,5,0,2
V_F_04_H_02,81,2,8.171462882,11.63725144,10.48174212,3.913258024,1.496417739,0.986312269,0.979315325,1.345863387,5.072817812,8.784759901,5.892525739,3.019716651,0.918616354,0.63451984,0.595304162,0.751199052,0,0.217710796,0.971110189,17,28.5,36,1121.205543,1168.836744,1222.119547,13.32735582,63,70.83333333,75,31.74040787,0.778399839,0.795363134,0.809100965,783.0409421,837.8324562,875.2093137,5.052517391,5.374713463,6.145225582,1.543650728,1.601363161,1.736919556,0.039566101,0.044012032,0.049805907,7.484770374,9.235765691,9.821452791,8.378952555,6.528294526,4.261331322,1.093191484,5.678715104,3.778193051,2.2417501,1.375451156,0.779039917,9.625,239.0799985,1591.540556,98,109.7142857,115,36.4500436,41.15814302,45.42065598,0.65689974,0.820786923,0.949565081,0.660385358,0.785081827,0.895194236,5,0,2
V_F_04_H_03,82,2,7.179284732,11.04859344,12.4119755,5.690847193,1.72828411,1.047444786,1.208273926,1.638940345,3.178569714,9.176371975,6.656018112,2.042094976,0.973908258,0.584132457,0.540112393,0.546481232,0,0.214025591,0.974997925,14,24.5,33,1090.375892,1188.257431,1265.909252,13.75217892,64,71.16666667,80,30.96394805,0.742560915,0.781575629,0.821556117,773.8420501,814.012609,892.3400875,4.567129281,5.532184958,6.170634038,1.434040658,1.630757146,1.757773778,0.035022277,0.039943636,0.043964016,9.12476,8.157553917,8.620314345,9.307596465,9.750584198,6.742664512,2.616406499,5.114321723,3.528644101,2.193546021,1.567934666,0.906071768,6.164414003,10.28618193,15.39886359,98,112.1428571,118,36.23808018,41.8278736,46.4925972,0.617166751,0.75249922,0.895760394,0.736988198,0.847965081,0.903183111,5,0,2
V_F_04_I_01,83,2,6.109849191,8.207952973,10.29129742,8.972734791,2.873961849,1.160455823,1.237093224,1.299834287,2.628031503,2.556474703,2.176284934,1.856443083,0.704410182,0.363913275,0.340861559,0.265245217,0,0.184370474,0.978648646,8,33.16666667,48,999.4831418,1332.576075,1497.343646,6.388716572,68,75.16666667,80,27.58373801,0.646569921,0.768456325,0.826550767,785.8049243,844.1736873,914.1547179,3.983704881,4.201837638,4.373658434,1.093529528,1.160534821,1.340196675,0.015367815,0.031798043,0.048951225,8.874055981,9.096245647,15.86065668,8.369470793,12.39993381,9.157454372,2.667082364,2.335049458,1.901046687,2.961962094,3.929332288,2.980951773,5.826595811,29.06408274,49.60094663,103,118,123,41.38823852,50.42157063,59.55249176,0.440594338,0.742130714,0.867257265,0.735458648,0.853983908,0.927367396,2,4,1
V_F_04_I_02,84,2,7.392517049,13.22234833,9.238573756,4.539322266,2.200732366,1.589628098,1.226099105,1.112268698,4.340243669,11.35080062,7.64556524,3.495382966,1.216654225,0.742618119,0.622273528,0.622136446,0,0.219849018,0.978001917,14,24.83333333,31,1115.929782,1158.050374,1213.530867,11.59427158,64,68,79,34.47191466,0.778553868,0.791857883,0.818123779,751.5773549,795.6680779,874.6609816,4.324555578,5.560863362,5.95760966,1.354639604,1.615620562,1.702539028,0.036441335,0.04139971,0.046287634,10.07372978,10.28413386,9.778618386,9.992003383,9.172275613,4.417473492,6.758266376,5.302092011,5.304139495,5.233803371,4.595488739,2.176023767,3.173375569,3.488601713,4.119788374,107,111,116,38.58340883,41.58166296,46.16498919,0.722794682,0.777103732,0.839998567,0.859242054,0.882473258,0.916201649,5,1,1
V_F_04_I_03,85,2,8.141045848,11.50911681,10.2815358,6.755846189,2.333179773,0.788097607,0.801968234,0.762933966,5.083717346,9.288941932,6.041857388,3.137096493,1.031006863,0.46534938,0.413844566,0.390934603,0,0.216279795,0.968885842,13,17.66666667,26,1051.331168,1119.917934,1178.023486,7.819918331,60,64.16666667,71,33.22669036,0.766630918,0.797450985,0.831507992,718.0636614,763.8139692,827.1124448,4.909522733,5.472794885,6.104086386,1.301603308,1.504531144,1.660832099,0.036665169,0.04548537,0.051495386,10.97418498,14.1111633,11.7078421,9.976485887,10.49222432,4.538371369,6.049930672,6.089485246,4.718782614,5.956759852,4.023622939,1.932469305,2.928176694,4.053759708,5.057095881,105,110.1428571,115,38.67407366,42.10133451,45.41520133,0.720590278,0.7828505,0.83761207,0.869678591,0.888554408,0.928232787,6,0,1
V_F_04_I_04,86,2,9.428741469,11.69609617,12.454402,7.026680088,2.727099021,1.200643666,1.265761361,1.796648587,5.581065322,8.371942329,7.837229947,3.924424302,1.303707154,0.660556625,0.648420052,0.665987338,0,0.219068215,0.978370503,13,24.66666667,48,1158.775138,1213.303381,1250.095298,5.764897332,66,70,75,38.68044219,0.804690762,0.830124626,0.842469791,791.9888783,828.8568049,888.1667417,4.439962464,4.717380926,5.276883709,1.254572886,1.318444613,1.475608459,0.045940066,0.049215788,0.052166982,9.433704516,8.611778361,8.704409672,7.744997552,7.261887439,4.69261358,5.722086236,5.548400896,5.474463578,4.326682401,4.118754811,2.86946258,3.282886497,3.348824544,3.470860844,110,113.5714286,118,38.43341173,41.80548076,44.37452135,0.75960312,0.792538582,0.819291361,0.857163152,0.883135873,0.895328478,6,0,1
V_F_04_I_05,87,2,6.435018557,12.03820018,9.298025991,5.046747715,1.53166054,0.9721635,1.109424553,1.553281868,3.984872452,8.993122183,6.649388763,2.4829336,0.964478714,0.595338546,0.692728767,0.855136117,0,0.215307304,0.966109014,19,26.66666667,35,1119.829673,1184.936446,1242.204734,14.24422875,69,72.33333333,77,30.73991169,0.76541172,0.784509137,0.813462542,822.4372573,844.3672331,879.4320322,4.931484006,5.364796431,5.636184688,1.528022642,1.62794906,1.709322379,0.039796237,0.042542846,0.045241226,8.754157117,12.26547718,8.730640981,9.821722364,8.449501625,3.543264991,5.936856201,7.795334445,6.638377378,5.414500223,4.685311151,1.699409328,14.69507783,16.23960101,18.1288789,105,108,111,37.63731008,39.94080041,42.99993557,0.718231991,0.79592791,0.8489099,0.865431668,0.885116594,0.895139232,4,0,3
V_F_11_I_01,88,2,8.105010644,11.2924221,7.095104127,5.823854124,3.218246953,2.681085741,2.843479281,2.193657699,4.305472206,4.005416771,2.593704776,1.784165388,1.08104367,0.686017064,0.708205672,0.543452307,0,0.210356006,0.969793082,7,16.16666667,25,1179.706866,1307.124995,1508.480589,7.016450891,80,90.5,101,29.55572463,0.719816767,0.798559088,0.86130561,900.5001107,983.6297112,1036.92528,2.675379654,3.353468094,4.060103642,0.875543232,1.11649829,1.327923692,0.041318908,0.050543128,0.058907582,8.401247946,9.355742774,6.956247921,6.906249755,8.418316909,3.274880362,2.545369165,5.927453806,3.660340035,3.124867573,2.292150286,1.083555459,7.023676477,9.826210019,12.3031373,104,108.1428571,111,37.10486202,40.26277905,42.11393085,0.656626905,0.743582384,0.81424597,0.759804649,0.822317664,0.892512117,4,0,3
V_F_11_I_02,89,2,7.392517049,13.22234833,9.238573756,4.539322266,2.200732366,1.589628098,1.226099105,1.112268698,4.340243669,11.35080062,7.64556524,3.495382966,1.216654225,0.742618119,0.622273528,0.622136446,0,0.219849018,0.978001917,14,24.83333333,31,1115.929782,1158.050374,1213.530867,11.59427158,64,68,79,34.47191466,0.778553868,0.791857883,0.818123779,751.5773549,795.6680779,874.6609816,4.324555578,5.560863362,5.95760966,1.354639604,1.615620562,1.702539028,0.036441335,0.04139971,0.046287634,10.07276355,10.28413386,9.778618386,9.989679867,9.172275613,4.417473492,6.758266376,5.302092011,5.304139495,5.233803371,4.595488739,2.176023767,3.173375569,3.732717419,4.998827988,107,111,116,38.58340883,41.58148172,46.16498919,0.722794682,0.777104799,0.839998567,0.859242054,0.882472571,0.916196842,5,1,1
V_F_11_I_03,90,2,8.141045848,11.50911681,10.2815358,6.755846189,2.333179773,0.788097607,0.801968234,0.762933966,5.083717346,9.288941932,6.041857388,3.137096493,1.031006863,0.46534938,0.413844566,0.390934603,0,0.216279795,0.968885842,13,17.66666667,26,1051.331168,1119.917934,1178.023486,7.819918331,60,64.16666667,71,33.22669036,0.766630918,0.797450985,0.831507992,718.0636614,763.8139692,827.1124448,4.909522733,5.472794885,6.104086386,1.301603308,1.504531144,1.660832099,0.036665169,0.04548537,0.051495386,10.97418498,14.1111633,11.7078421,9.976485887,10.49222432,4.538371369,6.052191788,6.089485246,4.718782614,5.956759852,4.023622939,1.932469305,2.928176694,4.263503794,5.360809757,105,110.1428571,115,38.67407366,42.10114785,45.41389474,0.720590278,0.782858811,0.837639327,0.869678591,0.888555432,0.928232787,6,0,1
V_F_11_I_04,91,2,9.788954098,12.06658161,4.542869719,2.740998271,1.800894714,1.231117025,0.965870838,0.891473271,5.787933733,9.804278649,3.859196049,1.978838783,1.494966558,0.994230927,0.748628791,0.699616402,0,0.219541754,0.981953796,11,20.16666667,24,1053.788391,1113.421077,1161.451961,10.84721034,76,78.83333333,81,29.05102421,0.739267495,0.748554388,0.755788931,871.430229,901.277495,914.6148452,4.134162736,4.513142941,4.795159546,1.393670453,1.510386376,1.575314877,0.050942928,0.054960489,0.061321889,6.341360759,10.44906743,6.458987243,5.032549581,4.500642186,2.523437241,0.938364687,5.347068523,1.487559419,0.594807324,0.374692206,0.280069184,29.88487023,55.73741936,83.57771458,68,99.28571429,112,28.44483819,35.30464423,39.77121956,0.660912475,0.77671588,0.981723401,0.513071211,0.705315442,0.83631205,1,0,6
V_F_11_I_05,92,2,6.435018557,12.03820018,9.298025991,5.046747715,1.53166054,0.9721635,1.109424553,1.553281868,3.984872452,8.993122183,6.649388763,2.4829336,0.964478714,0.595338546,0.692728767,0.855136117,0,0.215307304,0.966109014,19,26.66666667,35,1119.829673,1184.936446,1242.204734,14.24422875,69,72.33333333,77,30.73991169,0.76541172,0.784509137,0.813462542,822.4372573,844.3672331,879.4320322,4.931484006,5.364796431,5.636184688,1.528022642,1.62794906,1.709322379,0.039796237,0.042542846,0.045241226,8.754157117,12.26547718,8.730640981,9.821722364,8.449501625,3.543264991,5.936856201,7.795334445,6.638377378,5.414500223,4.685311151,1.699409328,14.69507783,16.23960101,18.1288789,105,108,111,37.63731008,39.94080041,42.99993557,0.718231991,0.79592791,0.8489099,0.865431668,0.885116594,0.895139232,4,0,3
V_F_11_I_06,93,2,7.966874429,12.23848828,5.970485572,3.416972164,2.630479549,1.704143155,1.568035979,1.318356833,4.541551617,8.679945462,2.845584311,2.050966963,1.354084074,0.957658744,0.769826561,0.701169972,0,0.216930655,0.972724734,8,19.66666667,24,1112.000224,1181.952729,1262.829579,10.6389957,81,84.16666667,89,27.63816488,0.731150185,0.753491204,0.790604746,902.2929468,938.0465007,962.0011134,3.618843395,4.071796133,4.436227329,1.253996816,1.401717059,1.522249093,0.047499932,0.050634104,0.05540093,9.041875599,13.46689573,8.020998012,6.536473064,8.423149464,4.587449402,0.988970107,6.450330657,1.57478783,0.674946668,0.704233119,0.380459221,12.84386405,66.79534544,95.19365541,91,101.4285714,114,30.85905025,34.22214885,41.01411818,0.581091751,0.740960942,0.93358696,0.506493519,0.747355571,0.892463819,1,0,6
V_F_11_I_07,94,2,6.656730086,11.04252557,5.67904361,4.9553218,3.657359952,1.998854129,1.1203115,1.029898273,4.636530639,9.131653675,4.147018718,3.477194125,2.439755628,1.317713031,0.843627946,0.67148403,0,0.220497219,0.979170775,22,23.5,26,1181.343237,1273.793538,1338.897277,3.852704505,78,81.16666667,84,31.59725353,0.773227797,0.803421487,0.836083507,886.2255239,900.7748017,922.2928202,3.096510579,3.451004802,3.855338092,0.979319216,1.110326195,1.264338873,0.042279355,0.045047836,0.049926729,5.412134885,11.43391935,9.319531173,6.463468176,5.589253448,3.584397574,0.660552974,4.889486437,1.549628312,0.519319329,0.630057699,0.251179269,9.228226062,57.50368975,87.48825814,79,100.8571429,113,29.27310727,35.69812124,41.6314628,0.578214271,0.756149222,0.939291802,0.524719267,0.703226578,0.886934714,1,0,6
V_F_11_I_08,95,2,7.817355567,9.648128044,5.09360123,4.029973083,3.460765615,2.774242341,2.380955147,2.051212889,6.396471992,7.572591015,3.390012948,1.990400104,1.129626437,0.729866572,0.608087551,0.537014108,0,0.217478726,0.985875508,8,13.66666667,24,1051.770975,1191.459233,1507.027864,10.22163169,72,84.16666667,100,27.20367889,0.742466834,0.770599659,0.855042652,854.1777782,951.5365286,1073.628935,2.458454351,3.956082129,5.065192016,0.804541337,1.324746991,1.608082324,0.042868144,0.053722359,0.058456129,7.138499823,14.09550857,7.422982264,6.549503408,7.870755812,3.111496854,1.224282052,5.310104996,1.648526281,0.978390436,1.03045529,0.761573038,17.46234789,52.81021509,72.63758497,92,107.1428571,113,31.91609598,38.66689901,43.60925924,0.584230011,0.743445906,0.869954788,0.545789618,0.777685858,0.871347562,4,0,3
V_F_11_I_09,96,2,8.361411201,10.9459085,6.204715294,5.398731666,4.301762063,3.873117716,3.108214433,2.898152881,4.890509443,7.413025785,3.354462661,2.143866308,1.55726506,1.236058348,0.940667061,0.833778799,0,0.208776758,0.976517989,8,14.66666667,26,1151.016474,1366.350158,1716.693773,7.701070443,83,94,107,30.89087896,0.744030827,0.808094951,0.899381162,920.3006995,1017.900688,1102.768759,2.122604459,3.144739761,3.989992207,0.52897357,1.03492106,1.335787309,0.039598385,0.049577974,0.061638563,9.441001759,11.9953832,7.898286869,7.565961657,7.221419863,3.539079444,4.732444839,9.403671008,2.497523536,1.815728222,1.9308561,1.266408583,9.238590937,32.20150648,41.32389215,101,107.7142857,112,31.6613209,35.47914811,39.90676154,0.65544258,0.781912646,0.845079264,0.722746891,0.822810176,0.882455938,2,0,5
V_F_11_I_10,97,2,8.190655094,10.46391196,5.704782736,4.396972362,3.072100834,1.708351987,1.39613602,0.975530755,5.310839228,5.318168973,2.550206518,1.763835595,1.219283169,0.64505532,0.518104451,0.359141262,0,0.213509541,0.975405167,9,14.5,25,1028.70258,1202.220628,1345.582485,6.01375971,73,81.33333333,87,26.85643163,0.705509084,0.770041584,0.829759463,863.8236622,917.3412358,947.1609974,3.212867229,3.695878524,4.535144461,1.025365709,1.212772196,1.488645217,0.043729142,0.052719759,0.060986726,7.531740118,10.81268533,5.823135786,4.711618431,6.408978888,2.965286794,2.136085995,7.569039588,2.341714368,0.81897414,1.30021922,0.314717077,20.47053904,50.46921312,74.93408562,85,104.8571429,114,29.60193268,34.63177449,39.2144207,0.640365575,0.766758212,0.929888713,0.670941489,0.757221383,0.864402974,1,0,6
V_F_11_I_11,98,2,8.396870116,12.00668113,8.584925396,6.771976898,2.341272554,1.378179544,1.459126114,1.782527547,5.916430066,5.113855031,2.554213705,2.000263995,0.703999938,0.464332748,0.461701526,0.591492955,0,0.212341881,0.976776312,10,16.5,20,1046.306531,1167.619365,1278.601734,11.61742638,68,77.33333333,85,28.72742547,0.703459633,0.782715126,0.839627797,883.8825416,913.4547231,936.0383863,4.054948879,4.520792903,5.050641638,1.268205569,1.435471117,1.570204549,0.019366083,0.042941983,0.051435113,9.671429259,16.25600341,10.61148464,10.97772771,9.697844642,7.098057681,4.487708357,7.78638899,2.153906793,1.536829266,1.689242798,0.561665058,9.459824589,59.68126128,122.8616314,84,102.2857143,117,28.84415072,36.76576695,47.50484894,0.554867218,0.716123246,0.946934798,0.723396202,0.821888273,0.917992498,2,1,4
V_F_11_I_12,99,2,7.954089059,11.9844115,7.767883005,3.922320058,1.513089079,0.866951771,0.980270539,1.032115373,4.270642786,7.877505592,4.334176975,1.649184061,0.717309506,0.443257749,0.368989428,0.297914432,0,0.208804807,0.971845002,11,19,29,930.4564184,1096.728627,1210.529172,15.33146423,57,67.16666667,74,27.89348041,0.734637238,0.767847224,0.794027195,730.3244777,799.3359637,847.6976904,5.003723463,5.643804796,6.862079581,1.533888972,1.665976982,1.9012219,0.036832257,0.042023687,0.04908569,9.245249627,9.874358653,11.46331423,11.92135574,9.404609325,5.745695555,2.2130103,5.756455712,5.871288236,2.05786334,2.781045919,1.219193626,9.90856637,27.86000282,43.02116122,102,111.2857143,115,37.61021776,42.57875355,46.02630548,0.610908987,0.7484153,0.931848287,0.767588942,0.866601112,0.916417413,5,0,2
V_F_11_I_13,100,2,8.321265814,12.00581384,7.866613054,4.513202783,1.692362867,0.900164648,0.944272191,1.137162042,4.742120916,8.99422052,4.754331416,2.88196931,1.029513713,0.618362311,0.641072074,0.651626792,0,0.217255742,0.973143803,12,16.66666667,30,1057.975914,1111.876297,1163.360583,16.09659922,62,67.16666667,72,31.09620073,0.752691365,0.776173908,0.801076394,791.5113248,816.5554897,857.2555621,5.028935418,5.620345844,6.150263485,1.529097161,1.6723281,1.798138862,0.037949501,0.042926427,0.047364552,8.76268487,13.32618819,8.936082288,9.046688203,9.210272805,4.969551791,5.029121713,6.822217798,3.456552812,4.309040756,3.852583279,1.684201851,24.52732851,77.16760264,124.6059884,102,109.8571429,117,36.89301472,40.29587446,42.74528087,0.715411656,0.78144519,0.878109157,0.847317154,0.875138637,0.907443321,6,0,1
V_F_11_I_14,101,2,7.340162276,12.81961186,7.035524787,4.080191471,1.648586634,0.832062133,0.928690902,1.225833711,3.510064877,8.588182514,4.855103983,2.347278737,0.831154482,0.459658375,0.484100179,0.507862101,0,0.215040106,0.973237308,11,20,30,1054.920864,1123.84686,1208.886422,13.52685799,64,69,77,28.78142015,0.749191883,0.770455483,0.798726711,771.8311028,819.3174038,883.8706199,4.871785972,5.570820711,6.090521341,1.539875952,1.667672819,1.746104913,0.041245957,0.044236632,0.049565109,9.604686748,13.99478565,12.05154329,9.529133352,10.39124475,5.35135315,2.138197051,9.657346571,3.736307014,1.894073849,2.379870216,1.202116203,8.114175482,33.57725043,55.11015248,105,110,114,29.99868711,39.62021376,44.28317274,0.622636208,0.755991827,0.864957842,0.759076365,0.864675551,0.921891252,4,0,3
V_F_11_I_15,102,2,8.087921034,12.10244105,7.996620207,3.73087997,1.337335885,0.897280293,0.964753975,0.833343333,5.803272561,8.241827816,4.021769709,1.598786224,0.708340153,0.416260737,0.388159057,0.373233246,0,0.214098205,0.96721891,10,20.66666667,30,936.4587627,1031.038151,1111.84558,17.4739352,58,62.5,69,28.29694247,0.727485341,0.757922906,0.788836,731.6141157,779.5751378,841.8202647,5.313795623,6.205931115,7.098060192,1.611599852,1.77897492,1.977982392,0.037867851,0.043130574,0.050184233,8.449461055,12.77552519,9.475720276,9.381783515,10.63110606,7.201753015,3.730523277,8.238846386,1.584629773,1.70614353,2.097314209,0.698248272,11.12903719,61.74513349,91.13012246,93,104.5714286,117,30.09614091,37.14676623,46.01535618,0.572029075,0.710762481,0.884963696,0.703460363,0.808155996,0.926366977,3,0,4
V_F_11_I_16,103,2,8.087912541,12.10243173,7.996634916,3.730877957,1.337310941,0.897293293,0.964749256,0.833424813,5.80328167,8.24183149,4.021769895,1.598779034,0.708358354,0.416250655,0.388152777,0.373209938,0,0.214098208,0.967218945,10,20.66666667,30,936.4501871,1031.03512,1111.842538,17.47354341,58,62.5,69,28.29691521,0.727485117,0.757922758,0.788835811,731.6001534,779.5695187,841.8315621,5.313820679,6.205908474,7.097912678,1.611598178,1.778965629,1.977940199,0.037867847,0.043130677,0.050184135,9.503515368,11.02170818,9.365675193,8.22910894,7.402790968,4.284316343,1.02562943,5.988203818,2.02632931,0.720385269,0.893393657,0.566955307,7.313301238,20.6885415,32.43298379,91,107,116,31.44589682,39.18758359,44.44128745,0.379921419,0.677700255,0.907263898,0.590505718,0.810950839,0.90414957,4,0,3
V_F_11_I_17,104,2,8.278575661,10.58693704,9.431592869,5.653340311,2.209464881,1.046065202,1.560459885,1.876958286,5.289990807,4.700819748,2.593868475,1.409566889,0.539133896,0.401743385,0.434620652,0.497455992,0,0.209846852,0.97483828,10,18.83333333,40,962.3817666,1085.485988,1337.468673,17.68135047,60,71.16666667,89,27.77568501,0.694845837,0.760533624,0.848254028,779.2911398,858.7548701,955.4057364,3.789794813,5.435009493,6.612279982,1.198811258,1.658032601,1.926588531,0.041453597,0.046469911,0.052899679,12.57959986,16.27552589,8.889496618,9.575286405,9.629899877,5.756055962,1.615276375,6.735202451,3.630554937,3.434983076,4.014890163,3.360490053,4.372767287,65.94145037,188.2970144,104,114,120,37.31742518,43.60426867,48.88726479,0.62931498,0.776687553,0.895869885,0.825025099,0.87839103,0.909263307,4,2,1
V_F_11_I_18,105,2,5.668865566,12.66081335,9.579373862,4.321013574,1.561909621,0.891806389,0.862386716,0.897281966,3.276968671,9.055617525,5.916831052,3.071671311,1.209028606,0.63612084,0.534929479,0.656048268,0,0.217725562,0.980682818,18,25,29,1141.247404,1199.069642,1245.209435,9.680962193,64,68.16666667,70,30.40794677,0.773496496,0.785271323,0.79930355,742.4915653,787.8827633,802.2932498,5.30195221,5.51893839,6.120118508,1.524211933,1.588568062,1.69643392,0.035635509,0.037642559,0.039848021,10.65106827,11.16086335,9.010691407,9.298993491,8.030925647,5.177173772,0.790689684,7.474290105,2.738719224,0.73645302,0.805099513,0.624732307,3.519477056,19.82808409,27.79648415,91,106.5714286,115,33.4828565,38.10919987,42.61956174,0.524897962,0.706239183,0.967542704,0.588858841,0.765727573,0.924071015,3,0,4
V_F_11_I_19,106,2,6.395053743,12.40522612,11.07972717,5.315661013,1.726907119,0.967861525,0.990886541,1.214444891,4.750545698,10.09447031,6.793491682,3.061002849,1.232744117,0.640186494,0.599160062,0.614003628,0,0.216532037,0.982609154,10,25.16666667,30,1106.707709,1175.720729,1244.248091,10.99406174,65,68.16666667,73,33.37035104,0.76601802,0.791854731,0.806848188,764.7861605,800.1268998,839.3481904,5.065879059,5.535848975,6.010261309,1.511030405,1.605202231,1.717770617,0.040268889,0.042829925,0.045959917,8.968748807,13.42505887,18.60833108,12.91102805,14.48007876,10.75991577,4.308692807,8.84317925,3.840000118,2.874343976,3.260207907,1.310675412,4.264680527,68.30429263,103.7615016,102,113.4285714,121,33.8794663,42.83757267,49.12531958,0.582883528,0.762958946,0.913021259,0.777972895,0.876456418,0.929244002,5,0,2
V_F_11_I_20,107,2,8.278575536,10.58693776,9.431599101,5.653336515,2.209424464,1.046032562,1.560431099,1.876966653,5.28999304,4.700821825,2.593876033,1.409561842,0.539128649,0.401730695,0.434631198,0.49744352,0,0.209846906,0.97483828,10,18.83333333,40,962.3832441,1085.487877,1337.465723,17.68148351,60,71.16666667,89,27.77568913,0.694845624,0.760533624,0.848253078,779.2943541,858.7590057,955.405937,3.789828423,5.435020091,6.61232682,1.198823299,1.658038899,1.926590493,0.04145326,0.046470026,0.052899897,8.595188667,12.59169435,8.046165395,6.557499591,7.248298727,4.648884159,0.773744735,4.964159421,1.428340549,0.486540878,0.425927237,0.352942704,4.071144649,31.68366322,55.03340605,81,100.1428571,115,30.74866047,36.72354501,43.19505441,0.373605612,0.690006458,0.979199419,0.474433207,0.731368477,0.893888379,3,0,4
